Etiquetas de fila;aceite;agua;arroz;azucar;bebida;cafe;carne;Categorias;celular;cereal;chocolate;cocina;condimento;conserva;construccion;detergente;dulce;embutido;fideo;fiesta;fruta;helado;higiene;jugo;lacteo;legumbre;licor;limpieza;marisco;mascota;otros;pan;papel higienico;pollo;postre;preservativo;promocion;pure;roceador;sacarina;sal;salsa;servicio;snack;sopa;te;utiles;verdura;vessi;vestuario;vinagre;yogurt
350;0;0;0;0;0;0;0;0;0;0;0;0;0;0;0.03030303;0;0;0;0;0;0;0;0;0;0;0;0;0;0;0;0;0;0;0;0;0;0;0;0;0;0;0;0;0;0;0;0;0;0;0;0;0
460;0;0.004950495;0;0;0;0;0;0;0;0;0;0;0;0;0;0;0;0;0;0;0;0;0;0;0;0;0;0;0;0;0.014925373;0;0;0;0;0;0;0;0;0;0;0;0;0;0;0;0;0;0;0;0;0
628;0;0;0;0;0;0;0;0;0;0;0;0;0;0;0;0;0;0;0;0;0;0;0;0;0;0;0;0;0;0;0;0;0;0;0;0;0;0;0;0;0;0;0.00952381;0;0;0;0;0;0;0;0;0
640;0;0;0;0;0;0;0;0;0;0;0;0;0;0;0;0;0;0;0;0;0;0;0;0;0.032258065;0;0;0.021276596;0;0;0;0.004950495;0;0;0;0;0;0;0;0;0;0;0;0.002145923;0;0;0;0;0;0;0;0
673;0;0;0;0;0;0;0;0;0;0;0;0;0;0;0;0;0;0;0;0;0.037037037;0;0;0;0;0;0;0;0;0;0;0;0;0;0;0;0;0;0;0;0;0;0;0;0;0;0;0;0;0;0;0
683;0;0;0.142857143;0.2;0;0;0;0;0;0;0;0;0;0;0.060606061;0;0;0;0;0.125;0;0;0;0;0;0;0;0.021276596;0;0;0.029850746;0;0;0;0;0;0;0;1;0;0;0;0;0;0;0;0;0;0;1;0;0
684;0;0;0;0;0;0;0;0;0;0;0;0.111111111;0;0;0;0;0;0;0;0;0;0;0.023809524;0;0;0;0;0;0;0;0;0;0;0;0;0;0;0;0;0;0;0;0;0;0;0;0;0;0;0;0;0
738;0;0;0;0;0;0;0;0;0;0;0;0;0;0;0;0;0;0;0;0;0.037037037;0;0;0;0;0;0;0;0;0;0;0.004950495;0;0;0;0;0;0;0;0;0;0;0;0;0;0;0;0;0;0;0;0
756;0;0.004950495;0;0;0;0;0;0;0;0;0;0;0;0;0;0;0;0;0;0;0;0;0;0;0;0;0;0;0;0;0;0;0;0;0;0;0;0;0;0;0;0;0;0;0;0;0;0;0;0;0;0
761;0;0.014851485;0;0;0;0;0;0;0;0;0;0;0;0;0;0;0;0;0;0;0;0;0;0;0;0;0;0;0;0;0;0;0;0;0;0;0;0;0;0;0;0;0;0;0;0;0;0;0;0;0;0
775;0;0.014851485;0;0;0;0;0;0;0;0;0;0;0;0;0;0;0;0;0;0;0;0;0;0;0;0;0;0;0;0;0;0;0;0;0;0;0;0;0;0;0;0;0;0;0;0;0;0;0;0;0;0
782;0;0.014851485;0;0;0;0;0;0;0;0;0;0;0;0;0;0;0;0;0;0;0;0;0;0;0;0;0;0;0;0;0;0;0;0;0;0;0;0;0;0;0;0;0;0;0;0;0;0;0;0;0;0
785;0;0.00990099;0;0;0;0;0;0;0;0;0;0;0;0;0;0;0;0;0;0;0;0;0;0;0;0;0;0;0;0;0;0;0;0;0;0;0;0;0;0;0;0;0;0;0;0;0;0;0;0;0;0
791;0;0.014851485;0;0;0;0;0;0;0;0;0;0;0;0;0;0;0;0;0;0;0;0;0;0;0;0;0;0;0;0;0;0;0;0;0;0;0;0;0;0;0;0;0;0;0;0;0;0;0;0;0;0
797;0;0.004950495;0;0;0;0;0;0;0;0;0;0;0;0;0;0;0;0;0;0;0;0;0;0;0;0;0;0;0;0;0;0;0;0;0;0;0;0;0;0;0;0;0;0;0;0;0;0;0;0;0;0
803;0;0.00990099;0;0;0;0;0;0;0;0;0;0;0;0;0;0;0;0;0;0;0;0;0;0;0;0;0;0;0;0;0;0;0;0;0;0;0;0;0;0;0;0;0;0;0;0;0;0;0;0;0;0
807;0;0;0;0;0;0;0;0;0;0;0;0;0;0;0;0;0;0;0;0;0;0;0;0;0;0;0;0;0;0;0.014925373;0;0;0;0;0;0;0;0;0;0;0;0;0;0;0;0;0;0;0;0;0
822;0;0.014851485;0;0;0;0;0;0;0;0;0;0;0;0;0;0;0;0;0;0;0;0;0;0;0;0;0;0;0;0;0;0;0;0;0;0;0;0;0;0;0;0;0;0;0;0;0;0;0;0;0;0
839;0;0.014851485;0;0;0;0;0;0;0;0;0;0;0;0;0;0;0;0;0;0;0;0;0;0;0;0;0;0;0;0;0;0;0;0;0;0;0;0;0;0;0;0;0;0;0;0;0;0;0;0;0;0
850;0;0.014851485;0;0;0;0;0;0;0;0;0;0;0;0;0;0;0;0;0;0;0;0;0;0;0;0;0;0;0;0;0;0;0;0;0;0;0;0;0;0;0;0;0;0;0;0;0;0;0;0;0;0
860;0;0.004950495;0;0;0.003067485;0;0;0;0;0;0;0;0;0;0;0;0;0;0;0;0;0;0;0;0;0;0;0;0;0;0;0;0;0;0;0;0;0;0;0;0;0;0;0;0;0;0;0;0;0;0;0
867;0;0.014851485;0;0;0;0;0;0;0;0;0;0;0;0;0;0;0;0;0;0;0;0;0;0;0;0;0;0;0;0;0;0;0;0;0;0;0;0;0;0;0;0;0;0;0;0;0;0;0;0;0;0
879;0;0.014851485;0;0;0;0;0;0;0;0;0;0;0;0;0;0;0;0;0;0;0;0;0;0;0;0;0;0;0;0;0.014925373;0;0;0;0;0;0;0;0;0;0;0;0;0;0;0;0;0;0;0;0;0
892;0;0.00990099;0;0;0;0;0;0;0;0;0;0;0;0;0;0;0;0;0;0;0;0;0;0;0;0;0;0;0;0;0;0;0;0;0;0;0;0;0;0;0;0;0;0;0;0;0;0;0;0;0;0
898;0;0.004950495;0;0;0;0;0;0;0;0;0;0;0;0;0;0;0;0;0;0;0;0;0;0;0;0;0;0;0;0;0.029850746;0;0;0;0;0;0;0;0;0;0;0;0;0;0;0;0;0;0;0;0;0
925;0;0.014851485;0;0;0;0;0;0;0;0;0;0;0;0;0;0;0;0;0;0;0;0;0;0;0;0;0;0;0;0;0;0;0;0;0;0;0;0;0;0;0;0;0;0;0;0;0;0;0;0;0;0
931;0;0.014851485;0;0;0;0;0;0;0;0;0;0;0;0;0;0;0;0;0;0;0;0;0;0;0;0;0;0;0;0;0;0;0;0;0;0;0;0;0;0;0;0;0;0;0;0;0;0;0;0;0;0
940;0;0.014851485;0;0;0;0;0;0;0;0;0;0;0;0;0;0;0;0;0;0;0;0;0;0;0;0;0;0;0;0;0;0;0;0;0;0;0;0;0;0;0;0;0;0;0;0;0;0;0;0;0;0
951;0;0.014851485;0;0;0;0;0;0;0;0;0;0;0;0;0;0;0;0;0;0;0;0;0;0;0;0;0;0;0;0;0;0;0;0;0;0;0;0;0;0;0;0;0;0;0;0;0;0;0;0;0;0
960;0;0.014851485;0;0;0;0;0;0;0;0;0;0;0;0;0;0;0;0;0;0;0;0;0;0;0;0;0;0;0;0;0;0;0;0;0;0;0;0;0;0;0;0;0;0;0;0;0;0;0;0;0;0
961;0;0;0;0;0;0;0;0;0;0;0;0;0;0;0;0;0;0;0;0;0;0;0;0;0;0;0;0;0;0;0.014925373;0;0;0;0;0;0;0;0;0;0;0;0;0;0;0;0;0;0;0;0;0
971;0;0.014851485;0;0;0;0;0;0;0;0;0;0;0;0;0;0;0;0;0;0;0;0;0;0;0;0;0;0;0;0;0;0;0;0;0;0;0;0;0;0;0;0;0;0;0;0;0;0;0;0;0;0
974;0;0.014851485;0;0;0;0;0;0;0;0;0;0;0;0;0;0;0;0;0;0;0;0;0;0;0;0;0;0;0;0;0.014925373;0;0;0;0;0;0;0;0;0;0;0;0;0;0;0;0;0;0;0;0;0
980;0;0.014851485;0;0;0;0;0;0;0;0;0;0;0;0;0;0;0;0;0;0;0;0;0;0;0;0;0;0;0;0;0;0;0;0;0;0;0;0;0;0;0;0;0;0;0;0;0;0;0;0;0;0
1008;0;0.014851485;0;0;0;0;0;0;0;0;0;0;0;0;0;0;0;0;0;0;0;0;0;0;0;0;0;0;0;0;0;0;0;0;0;0;0;0;0;0;0;0;0;0;0;0;0;0;0;0;0;0
1882;0;0;0;0;0;0;0;0;0;0;0;0;0;0;0;0;0;0;0;0;0;0;0;0;0;0;0;0;0;0;0;0.004950495;0;0;0;0;0;0;0;0;0;0;0;0;0;0;0;0;0;0;0;0
1975;0;0;0;0;0;0;0;0;0;0;0;0;0;0;0;0;0;0;0;0;0;0;0;0;0;0;0;0;0;0;0;0.004950495;0;0;0;0;0;0;0;0;0;0;0;0;0;0;0;0;0;0;0;0
2068;0;0;0;0;0;0;0;0;0;0;0;0;0;0;0;0;0;0;0;0;0;0;0;0;0;0;0;0;0;0;0;0.004950495;0;0;0;0;0;0;0;0;0;0;0;0;0;0;0;0;0;0;0;0
2159;0;0;0;0;0;0;0;0;0;0;0;0;0;0;0;0;0;0;0;0;0;0;0;0;0;0;0;0;0;0;0;0.004950495;0;0;0;0;0;0;0;0;0;0;0;0;0;0;0;0;0;0;0;0
2502;0;0;0;0;0;0;0;0;0;0;0;0;0;0;0;0;0;0;0;0;0;0;0;0.003875969;0.032258065;0;0;0;0;0;0;0;0;0;0;0;0;0;0;0;0;0;0;0;0;0;0;0;0;0;0;0
2764;0;0;0;0;0;0;0;0;0;0;0;0;0;0;0;0;0;0;0;0;0.037037037;0;0;0;0;0;0;0;0;0;0;0;0;0;0;0;0;0;0;0;0;0;0;0;0;0;0;0;0;0;0;0
2833;0;0;0;0;0;0;0;0;0;0;0;0;0;0;0;0;0;0;0;0;0.037037037;0;0;0;0;0;0;0;0;0;0;0;0;0;0;0;0;0;0;0;0;0;0;0;0;0;0;0;0;0;0;0
2922;0;0;0;0;0;0;0;0;0;0;0;0;0;0;0;0;0;0.006493506;0;0;0;0;0;0.003875969;0;0;0;0;0;0;0;0;0;0;0;0;0;0;0;0;0;0;0;0;0;0;0;0;0;0;0;0
2928;0;0;0;0;0;0;0;0;0;0;0;0;0;0;0;0;0;0;0;0;0.037037037;0;0;0;0;0;0;0;0;0;0;0;0;0;0;0;0;0;0;0;0;0;0;0;0;0;0;0;0;0;0;0
3182;0;0;0;0;0;0;0;0;0;0;0;0;0;0;0;0;0;0;0;0;0;0;0;0;0;0;0;0;0;0;0;0;0;0;0;0;0;0;0;0;0;0;0;0.002145923;0;0;0;0;0;0;0;0
3184;0;0;0;0;0;0;0;0;0;0;0;0;0;0;0;0;0;0.006493506;0;0;0;0;0;0.003875969;0;0;0;0;0;0;0;0.004950495;0;0;0;0;0;0;0;0;0;0;0;0;0;0;0;0;0;0;0;0
3341;0;0;0;0;0;0;0;0;0;0;0;0;0;0;0;0;0;0;0;0;0;0;0;0;0;0;0;0;0;0;0;0;0;0;0;0;0;0;0;0;0;0;0;0.002145923;0;0;0;0;0;0;0;0
3444;0;0;0;0;0;0;0;0;0;0;0;0;0;0;0;0;0;0;0;0;0;0;0;0;0;0;0;0;0;0;0;0;0;0;0;0;0;0;0;0;0;0;0;0.002145923;0;0;0;0;0;0;0;0
3565;0;0;0;0;0;0;0;0;0;0;0;0;0;0;0.03030303;0;0;0;0;0;0;0;0;0;0;0;0;0;0;0;0;0;0;0;0;0;0;0;0;0;0;0;0;0;0;0;0;0;0;0;0;0
4654;0;0;0;0;0;0;0;0;0;0;0;0;0;0;0;0;0;0;0;0;0;0;0;0;0;0;0;0;0;0;0;0;0;0;0;0;0;0;0;0;0;0;0;0.002145923;0;0;0;0.023809524;0;0;0;0
5015;0;0;0;0;0;0;0;0;0;0;0;0;0;0;0;0;0;0;0;0;0;0;0;0;0;0;0;0;0;0;0;0;0;0;0;0;0;0;0;0;0;0;0;0.002145923;0;0;0;0.023809524;0;0;0;0
5423;0;0;0;0;0;0;0;0;0;0;0;0;0;0;0;0;0;0.006493506;0;0;0;0;0;0;0;0;0;0;0;0;0;0;0;0;0;0;0;0;0;0;0;0;0;0;0;0;0;0;0;0;0;0
6553;0;0;0;0;0;0;0;0;0;0;0;0;0;0;0;0;0;0.006493506;0;0;0;0;0.011904762;0;0;0;0;0;0;0;0;0;0;0;0;0;0;0;0;0;0;0;0;0.012875536;0;0;0;0;0;0;0;0
7086;0;0;0;0;0;0;0;0;0;0;0;0;0;0;0;0;0;0.012987013;0;0;0;0;0;0;0;0;0;0;0;0;0;0;0;0;0;0;0;0;0;0;0;0;0;0.004291845;0;0;0;0;0;0;0;0
7285;0;0;0;0;0;0;0;0;0;0;0;0;0;0;0;0;0;0.006493506;0;0;0;0;0;0;0;0;0;0;0;0;0;0;0;0;0;0;0;0;0;0;0;0;0;0;0;0;0;0;0;0;0;0
7520;0;0;0;0;0;0;0;0;0;0;0;0;0;0;0;0;0;0.006493506;0;0;0;0;0;0;0;0;0;0;0;0;0;0;0;0;0;0;0;0;0;0;0;0;0;0.006437768;0;0;0;0;0;0;0;0
7641;0;0;0;0;0;0;0;0;0;0;0;0;0;0;0;0;0;0;0;0;0;0;0;0;0;0;0;0;0;0;0.014925373;0;0;0;0;0;0;0;0;0;0;0;0;0;0;0;0;0;0;0;0;0
7685;0;0;0;0;0;0;0;0;0;0;0;0;0;0;0;0;0;0;0;0;0.074074074;0;0;0;0;0;0;0;0;0;0;0;0;0;0;0;0;0;0;0;0;0;0;0;0;0;0;0;0;0;0;0
8367;0;0;0;0;0;0;0;0;0;0;0;0;0;0;0;0;0;0.006493506;0;0;0;0;0;0;0;0;0;0;0;0;0;0;0;0;0;0;0;0;0;0;0;0;0;0.006437768;0;0;0;0;0;0;0;0
9006;0;0;0;0;0;0;0;0;0;0;0;0;0;0;0;0;0;0.006493506;0;0;0;0;0;0;0;0;0;0;0;0;0;0;0;0;0;0;0;0;0;0;0;0;0;0.002145923;0;0;0;0;0;0;0;0
9361;0;0;0;0;0;0;0;0;0;0;0;0;0;0;0;0;0;0.012987013;0;0;0;0;0;0;0;0;0;0;0;0;0;0;0;0;0;0;0;0;0;0;0;0;0;0.006437768;0;0;0;0;0;0;0;0
15180;0;0;0;0;0;0;0;0;0;0;0;0;0;0;0;0;0;0;0;0;0.037037037;0;0;0;0;0;0;0;0;0;0;0;0;0;0;0;0;0;0;0;0;0;0;0;0;0;0;0;0;0;0;0
15496;0;0;0;0;0;0;0;0;0;0;0;0;0;0;0;0;0;0;0;0;0.037037037;0;0;0;0;0;0;0;0;0;0;0;0;0;0;0;0;0;0;0;0;0;0;0;0;0;0;0;0;0;0;0
15614;0;0;0;0;0;0;0;0;0;0;0;0;0;0;0;0;0;0;0;0;0.037037037;0;0;0;0;0;0;0;0;0;0;0;0;0;0;0;0;0;0;0;0;0;0;0;0;0;0;0;0;0;0;0
15652;0;0;0;0;0;0;0;0;0;0;0;0;0;0;0;0;0;0;0;0;0.037037037;0;0;0;0;0;0;0;0;0;0;0;0;0;0;0;0;0;0;0;0;0;0;0;0;0;0;0;0;0;0;0
15900;0;0;0;0;0;0;0;0;0;0;0;0;0;0;0;0;0;0;0;0;0.037037037;0;0;0;0;0;0;0;0;0;0;0;0;0;0;0;0;0;0;0;0;0;0;0;0;0;0;0;0;0;0;0
15973;0;0;0;0;0;0;0;0;0;0;0;0;0;0;0;0;0;0;0;0;0.037037037;0;0;0;0;0;0;0;0;0;0;0;0;0;0;0;0;0;0;0;0;0;0;0;0;0;0;0;0;0;0;0
16151;0;0;0;0;0;0;0;0;0;0;0;0;0;0;0;0;0;0;0;0;0.037037037;0;0;0;0;0;0;0;0;0;0;0;0;0;0;0;0;0;0;0;0;0;0;0;0;0;0;0;0;0;0;0
16248;0;0;0;0;0;0;0;0;0;0;0;0;0;0;0;0;0;0;0;0;0.037037037;0;0;0;0;0;0;0;0;0;0;0;0;0;0;0;0;0;0;0;0;0;0;0;0;0;0;0;0;0;0;0
16292;0;0;0;0;0;0;0;0;0;0;0;0;0;0;0;0;0;0;0;0;0.037037037;0;0;0;0;0;0;0;0;0;0;0;0;0;0;0;0;0;0;0;0;0;0;0;0;0;0;0;0;0;0;0
16529;0;0;0;0;0;0;0;0;0;0;0;0;0;0;0;0;0;0;0;0;0.037037037;0;0;0;0;0;0;0;0;0;0;0;0;0;0;0;0;0;0;0;0;0;0;0;0;0;0;0;0;0;0;0
16656;0;0;0;0;0;0;0;0;0;0;0;0;0;0;0;0;0;0;0;0;0.037037037;0;0;0;0;0;0;0;0;0;0;0;0;0;0;0;0;0;0;0;0;0;0;0;0;0;0;0;0;0;0;0
16737;0;0;0;0;0;0;0;0;0;0;0;0;0;0;0;0;0;0;0;0;0.037037037;0;0;0;0;0;0;0;0;0;0;0;0;0;0;0;0;0;0;0;0;0;0;0;0;0;0;0;0;0;0;0
16850;0;0;0;0;0;0;0;0;0;0;0;0;0;0;0;0;0;0;0;0;0.037037037;0;0;0;0;0;0;0;0;0;0;0;0;0;0;0;0;0;0;0;0;0;0;0;0;0;0;0;0;0;0;0
17006;0;0;0;0;0;0;0;0;0;0;0;0;0;0;0;0;0;0;0;0;0.037037037;0;0;0;0;0;0;0;0;0;0;0;0;0;0;0;0;0;0;0;0;0;0;0;0;0;0;0;0;0;0;0
17142;0;0;0;0;0;0;0;0;0;0;0;0;0;0;0;0;0;0;0;0;0.037037037;0;0;0;0;0;0;0;0;0;0;0;0;0;0;0;0;0;0;0;0;0;0;0;0;0;0;0;0;0;0;0
17234;0;0;0;0;0;0;0;0;0;0;0;0;0;0;0;0;0;0;0;0;0.037037037;0;0;0;0;0;0;0;0;0;0;0;0;0;0;0;0;0;0;0;0;0;0;0;0;0;0;0;0;0;0;0
17431;0;0;0;0;0;0;0;0;0;0;0;0;0;0;0;0;0;0;0;0;0.037037037;0;0;0;0;0;0;0;0;0;0;0;0;0;0;0;0;0;0;0;0;0;0;0;0;0;0;0;0;0;0;0
17709;0;0;0;0;0;0;0;0;0;0;0;0;0;0;0;0;0;0;0;0;0.037037037;0;0;0;0;0;0;0;0;0;0;0;0;0;0;0;0;0;0;0;0;0;0;0;0;0;0;0;0;0;0;0
17880;0;0;0;0;0;0;0;0;0;0;0;0;0;0;0;0;0;0;0;0;0.037037037;0;0;0;0;0;0;0;0;0;0;0;0;0;0;0;0;0;0;0;0;0;0;0;0;0;0;0;0;0;0;0
19920;0;0;0;0;0;0;0;0;0;0;0;0;0;0;0.03030303;0;0;0;0;0;0;0;0;0;0;0;0;0;0;0;0;0;0;0;0;0;0;0;0;0;0;0;0;0;0;0;0;0;0;0;0;0
24431;0;0;0;0;0;0;0;0;0;0;0;0;0;0;0;0;0;0;0;0;0;0;0;0;0;0;0;0;0;0;0;0;0;0;0;0;0;0;0;0;0;0;0;0;0;0;0;0;0.014285714;0;0;0
28867;0;0;0;0;0;0;0;0;0;0;0;0;0.014084507;0;0;0;0;0;0;0;0;0;0;0;0;0;0;0;0;0;0;0;0;0;0;0;0;0;0;0;0;0;0;0.004291845;0;0;0;0;0;0;0;0
30020;0;0;0;0;0;0;0;0;0;0;0;0;0;0;0;0;0;0.006493506;0;0;0;0;0;0;0;0;0;0;0;0;0;0;0;0;0;0;0;0;0;0;0;0;0;0.010729614;0;0;0;0;0;0;0;0
31731;0;0;0;0;0;0;0;0;0;0;0;0;0.014084507;0;0;0;0;0;0;0;0;0;0;0;0;0;0;0;0;0;0;0;0;0;0;0;0;0;0;0;0;0;0;0.002145923;0;0;0;0;0;0;0;0
32311;0;0;0;0;0;0;0;0;0;0;0;0;0.014084507;0;0;0;0;0;0;0;0;0;0;0;0;0;0;0;0;0;0;0;0;0;0;0;0;0;0;0;0;0;0;0;0;0;0;0;0;0;0;0
34899;0;0;0;0;0;0;0;0;0;0;0;0;0.014084507;0;0;0;0;0;0;0;0;0;0;0;0;0;0;0;0;0;0;0;0;0;0;0;0;0;0;0;0;0;0;0;0;0;0;0;0;0;0;0
35035;0;0;0;0;0;0;0;0;0;0;0;0;0;0;0;0;0;0;0;0;0;0;0;0;0;0;0;0;0;0;0.014925373;0;0;0;0;0;0;0;0;0;0;0;0;0;0;0;0;0;0;0;0;0
36513;0;0;0;0;0;0;0;0;0;0;0;0;0;0;0;0;0;0;0;0;0;0;0;0;0;0;0;0;0;0;0;0;0;0;0;0;0;0;0;0;0;0;0;0.004291845;0;0;0;0;0;0;0;0
37104;0;0;0;0;0;0;0;0;0;0;0;0;0.014084507;0;0;0;0;0;0;0;0;0;0;0;0;0;0;0;0;0;0;0;0;0;0;0;0;0;0;0;0;0;0;0;0;0;0;0;0;0;0;0
43488;0;0;0;0;0.003067485;0;0;0;0;0;0;0;0;0;0;0;0;0;0;0;0;0;0;0;0;0;0;0;0;0;0;0;0;0;0;0;0;0;0;0;0;0;0.00952381;0;0;0;0;0;0;0;0;0
63693;0;0;0;0;0;0;0;0;0;0;0;0;0;0;0;0;0;0.006493506;0;0;0;0;0;0;0;0;0;0;0;0;0;0;0;0;0;0;0;0;0;0;0;0;0;0;0;0;0;0;0;0;0;0
65179;0;0;0;0;0;0;0;0;0;0;0;0;0;0;0;0;0;0.006493506;0;0;0;0;0;0;0;0;0;0;0;0;0;0;0;0;0;0;0;0;0;0;0;0;0;0;0;0;0;0;0;0;0;0
68596;0;0;0;0;0;0;0;0;0;0;0;0;0;0;0;0;0;0.006493506;0;0;0;0;0;0;0;0;0;0;0;0;0;0;0;0;0;0;0;0;0;0;0;0;0;0;0;0;0;0;0;0;0;0
78858;0;0;0;0;0;0;0;0;0;0;0;0;0;0;0;0;0;0;0;0;0;0;0;0.003875969;0;0;0;0;0;0;0.014925373;0;0;0;0;0;0;0;0;0;0;0;0.00952381;0;0;0;0;0.023809524;0;0;0;0
78860;0;0;0;0;0;0;0;0;0;0;0;0;0.014084507;0.125;0;0;0;0;0;0;0;0;0;0.003875969;0;0.022222222;0;0;0;0;0.014925373;0;0;0;0.035714286;0;0;0;0;0;0;0;0.00952381;0;0;0;0;0.047619048;0;0;0;0
157152;0;0;0;0;0.030674847;0;0;0;0;0;0;0;0;0;0;0;0;0;0;0;0;0;0;0.019379845;0;0;0;0;0;0;0;0;0;0;0;0;0;0;0;0;0;0;0.00952381;0;0;0;0;0;0;0;0;0
157153;0;0;0;0;0;0;0;0;0;0;0;0;0;0;0;0;0;0;0;0;0;0;0;0.003875969;0;0;0;0;0;0;0;0;0;0;0;0;0;0;0;0;0;0;0.00952381;0;0;0;0;0;0;0;0;0
157237;0;0;0;0;0.003067485;0;0;0;0;0;0;0;0;0;0;0;0;0;0;0;0;0;0;0;0;0;0;0;0;0;0;0;0;0;0;0;0;0;0;0;0;0;0.00952381;0;0;0;0;0;0;0;0;0
157736;0;0;0;0;0.036809816;0;0;0;0;0;0;0;0;0;0;0;0;0;0;0;0;0;0;0.011627907;0;0;0;0;0;0;0;0;0;0;0;0;0;0;0;0;0;0;0.00952381;0;0;0;0;0;0;0;0;0
157737;0;0.024752475;0;0;0.003067485;0;0;0;0;0;0;0;0;0;0;0;0;0;0;0;0;0;0;0;0;0;0;0;0;0;0;0;0;0;0;0;0;0;0;0;0;0;0.00952381;0;0;0;0;0;0;0;0;0
158275;0;0.01980198;0;0;0.033742331;0;0;0;0;0;0;0;0;0;0;0;0;0;0;0;0;0;0;0;0;0;0;0;0;0;0;0;0;0;0;0;0;0;0;0;0;0;0.00952381;0;0;0;0;0;0;0;0;0
158276;0;0.004950495;0;0;0.009202454;0;0;0;0;0;0;0;0;0;0;0;0;0;0;0;0;0;0;0.023255814;0;0;0;0;0;0;0;0;0;0;0;0;0;0;0;0;0;0;0.00952381;0;0;0;0;0;0;0;0;0
158851;0;0;0;0;0.04601227;0;0;0;0;0;0;0;0;0;0;0;0;0;0;0;0;0;0;0;0;0;0;0;0;0;0;0;0;0;0;0;0;0;0;0;0;0;0.00952381;0;0;0;0;0;0;0;0;0
158852;0;0.024752475;0;0;0;0;0;0;0;0;0;0;0;0;0;0;0;0;0;0;0;0;0;0.034883721;0;0;0;0;0;0;0;0;0;0;0;0;0;0;0;0;0;0;0.00952381;0;0;0;0;0;0;0;0;0
161518;0;0.02970297;0;0;0.027607362;0;0;0;0;0;0;0;0;0;0;0;0;0;0;0;0;0;0;0;0;0;0;0;0;0;0;0;0;0;0;0;0;0;0;0;0;0;0.00952381;0;0;0;0;0;0;0;0;0
161519;0;0.024752475;0;0;0.015337423;0;0;0;0;0;0;0;0;0;0;0;0;0;0;0;0;0;0;0;0;0;0;0;0;0;0;0;0;0;0;0;0;0;0;0;0;0;0.00952381;0;0;0;0;0;0;0;0;0
162210;0;0.004950495;0;0;0.033742331;0;0;0;0;0;0;0;0;0;0;0;0;0;0;0;0;0;0;0.011627907;0;0;0;0;0;0;0;0;0;0;0;0;0;0;0;0;0;0;0.00952381;0;0;0;0;0;0;0;0;0
162211;0;0;0;0;0;0;0;0;0;0;0;0;0;0;0;0;0;0;0;0;0;0;0;0.034883721;0;0;0;0;0;0;0;0;0;0;0;0;0;0;0;0;0;0;0.00952381;0;0;0;0;0;0;0;0;0
162674;0;0.034653465;0;0;0.015337423;0;0;0;0;0;0;0;0;0;0;0;0;0;0;0;0;0;0;0.011627907;0;0;0;0;0;0;0;0;0;0;0;0;0;0;0;0;0;0;0.00952381;0;0;0;0;0;0;0;0;0
162675;0;0;0;0;0.003067485;0;0;0;0;0;0;0;0;0;0;0;0;0;0;0;0;0;0;0;0;0;0;0;0;0;0;0;0;0;0;0;0;0;0;0;0;0;0.00952381;0;0;0;0;0;0;0;0;0
163525;0;0.044554455;0;0;0.012269939;0;0;0;0;0;0;0;0;0;0;0;0;0;0;0;0;0;0;0.007751938;0;0;0;0;0;0;0;0;0;0;0;0;0;0;0;0;0;0;0.00952381;0;0;0;0;0;0;0;0;0
166070;0;0.024752475;0;0;0.024539877;0;0;0;0;0;0;0;0;0;0;0;0;0;0;0;0;0;0;0.007751938;0;0;0;0;0;0;0;0;0;0;0;0;0;0;0;0;0;0;0.00952381;0;0;0;0;0;0;0;0;0
166071;0;0;0;0;0.003067485;0;0;0;0;0;0;0;0;0;0;0;0;0;0;0;0;0;0;0.027131783;0;0;0;0;0;0;0;0;0;0;0;0;0;0;0;0;0;0;0.00952381;0;0;0;0;0;0;0;0;0
170760;0;0.014851485;0;0;0.018404908;0;0;0;0;0;0;0;0;0;0;0;0;0;0;0;0;0;0;0.023255814;0;0;0;0;0;0;0;0;0;0;0;0;0;0;0;0;0;0;0.00952381;0;0;0;0;0;0;0;0;0
170761;0;0;0;0;0;0;0;0;0;0;0;0;0;0;0;0;0;0;0;0;0;0;0;0.007751938;0;0;0;0;0;0;0;0;0;0;0;0;0;0;0;0;0;0;0.00952381;0;0;0;0;0;0;0;0;0
389157;0;0;0;0;0;0;0;0;0;0;0;0;0.042253521;0.125;0;0;0;0;0;0;0;0;0;0.019379845;0;0.066666667;0;0;0;0;0.014925373;0;0;0;0.035714286;0;0;0;0;0;0;0;0.00952381;0;0;0;0;0.047619048;0;0;0;0
389162;0;0;0;0;0;0;0;0;0;0;0;0;0.014084507;0.125;0;0;0;0;0;0;0;0;0;0.003875969;0;0.022222222;0;0;0;0;0.014925373;0;0;0;0.035714286;0;0;0;0;0;0;0;0.00952381;0;0;0;0;0.047619048;0;0;0;0
391705;0.25;0;0;0;0;0;0;0;0;0;0;0;0;0;0;0;0;0;0;0;0;0;0;0.003875969;0.032258065;0;0;0;0;0;0.014925373;0;0;0;0.035714286;0;0;0;0;0;0;0;0.00952381;0;0;0;0;0;0;0;0;0
393713;0;0;0;0;0;0;0;0;0;0;0;0;0;0;0;0;0;0;0;0;0;0;0;0.003875969;0;0;0;0;0;0;0.014925373;0;0;0;0;0;0;0;0;0;0;0;0.00952381;0;0;0;0;0.023809524;0;0;0;0
396257;0;0;0;0;0;0;0;0;0;0;0;0;0;0;0;0;0;0;0;0;0;0;0;0.011627907;0;0.022222222;0;0;0;0;0.014925373;0;0;0;0;0;0;0;0;0;0;0;0.00952381;0;0;0;0;0;0;0;0;0
398076;0.25;0;0;0;0;0;0;0;0;0;0;0;0;0;0;0;0;0;0;0;0;0;0;0.003875969;0;0;0;0;0;0;0.014925373;0;0;0;0;0;0;0;0;0;0;0;0.00952381;0;0;0;0;0.023809524;0;0;0;0
415411;0;0;0;0;0;0;0;0;0;0;0;0;0;0;0;0;0;0;0;0;0;0;0.023809524;0;0;0;0;0;0;0;0;0;0;0;0;0;0;0;0;0;0;0;0;0;0;0;0;0;0;0;0;0
432132;0;0;0;0;0;0;0;0;0;0;0;0;0;0;0;0;0;0;0;0;0;0;0;0;0;0.022222222;0;0;0;0;0;0;0;0;0;0;0;0;0;0;0;0;0;0;0;0;0;0;0;0;0;0
434423;0;0;0;0;0;0;0;0;0;0;0;0;0;0;0;0;0;0;0;0;0;0;0.035714286;0;0;0.088888889;0;0.021276596;0.111111111;0;0;0;0;0;0;0;0;0;0;0;0;0.058823529;0;0;0;0;0;0;0;0;0;0
655100;0;0;0;0;0.003067485;0;0;0;0;0;0;0;0;0;0;0;0;0;0;0;0;0;0;0;0;0;0;0;0;0;0;0;0;0;0;0;0;0;0;0;0;0;0;0;0;0;0;0;0;0;0;0
655221;0;0;0;0;0.018404908;0;0;0;0;0;0;0;0;0;0;0;0;0;0;0;0;0;0;0.015503876;0;0;0;0;0;0;0;0;0;0;0;0;0;0;0;0;0;0;0;0;0;0;0;0;0;0;0;0
655428;0;0.00990099;0;0;0.003067485;0;0;0;0;0;0;0;0;0;0;0;0;0;0;0;0;0;0;0;0;0;0;0;0;0;0;0;0;0;0;0;0;0;0;0;0;0;0;0;0;0;0;0;0;0;0;0
790540;0;0.014851485;0;0;0;0;0;0;0;0;0;0;0;0;0;0;0;0;0;0;0;0;0;0;0;0;0;0;0;0;0;0;0;0;0;0;0;0;0;0;0;0;0;0;0;0;0;0;0;0;0;0
793551;0;0.00990099;0;0;0;0;0;0;0;0;0;0;0;0;0;0;0;0;0;0;0;0;0;0;0;0;0;0;0;0;0;0;0;0;0;0;0;0;0;0;0;0;0;0;0;0;0;0;0;0;0;0
794930;0;0.00990099;0;0;0;0;0;0;0;0;0;0;0;0;0;0;0;0;0;0;0;0;0;0;0;0;0;0;0;0;0;0;0;0;0;0;0;0;0;0;0;0;0;0;0;0;0;0;0;0;0;0
830503;0;0.004950495;0;0.2;0;0;0;0;0;0.076923077;0;0;0.028169014;0;0;0;0;0;0;0;0;0;0.011904762;0;0.064516129;0;0;0;0.222222222;0;0;0;0;0;0;0;0;0;0;0;0;0;0;0;0.333333333;0;0;0;0;0;0;0.090909091
830700;0;0;0;0;0;0.027027027;0;0;0;0;0;0;0;0;0;0;0;0;0;0;0;0;0;0;0;0;0;0;0.222222222;0;0;0;0;0;0;0;0;0;0;0;0;0;0;0;0;0;0;0;0;0;0;0
830781;0;0;0;0;0;0;0;0;0;0;0;0;0;0;0;0;0;0;0;0;0;0;0.047619048;0;0.032258065;0.022222222;0;0;0;0.058823529;0;0;0;0;0;0;0;0;0;0;0;0.058823529;0;0;0;0;0;0.023809524;0;0;0;0
830887;0;0;0;0;0;0;0;0;0;0;0;0;0;0;0;0;0;0;0;0;0;0;0;0;0;0;0;0.021276596;0;0;0;0;0;0;0;0;0;0;0;0;0;0;0;0;0;0;0;0;0;0;0;0
831300;0;0;0;0;0;0;0;0;0;0;0;0;0.014084507;0;0;0;0;0;0;0;0;0;0;0;0;0;0;0;0;0;0;0;0;0;0;0;0;0;0;0;0;0;0;0;0;0;0;0.047619048;0;0;0;0
831402;0;0;0;0;0;0.027027027;0;0;0;0;0;0;0;0;0;0;0;0;0;0;0;0;0.011904762;0;0;0;0;0;0.111111111;0;0;0;0;0;0;0;0;0;0;0;0;0;0;0;0;0;0;0;0;0;0;0
1003219;0;0;0;0;0;0;0;0;0;0;0;0;0;0;0;0;0;0;0;0;0;0;0.023809524;0;0;0;0;0.021276596;0;0;0;0;0;0;0;0;0.5;0;0;0;0;0;0.00952381;0;0;0;0;0;0;0;0;0
1547128;0;0;0.142857143;0.2;0.012269939;0.108108108;0;0;0;0.076923077;0.073170732;0;0.042253521;0;0;0;0;0;0;0.25;0;0.012738854;0;0.011627907;0.258064516;0.022222222;0;0.063829787;0.222222222;0;0.029850746;0;0;0;0;0;0;0;0;0;0;0.058823529;0.00952381;0.030042918;0;0;0;0.023809524;0;0;0;0.060606061
1559117;0.25;0;0.142857143;0;0.006134969;0.054054054;0;0;0;0.076923077;0.12195122;0.111111111;0.098591549;0;0.03030303;0;0;0;0;0;0;0.006369427;0.011904762;0;0.032258065;0.022222222;0;0.063829787;0;0;0.074626866;0;0;0;0.107142857;0;0;0;0;0;0;0.058823529;0;0.025751073;0;0;0;0.023809524;0;0;1;0.242424242
1559118;0;0;0;0;0.006134969;0;0;0;0;0;0;0.111111111;0;0;0;0;0;0;0;0.125;0;0;0;0.003875969;0.032258065;0;0;0;0;0;0.029850746;0;0;0;0;0;0;0;0;0.5;0;0;0;0;0;0;0;0;0;0;0;0
1570217;0;0.00990099;0;0.2;0.006134969;0.027027027;0;0;0;0.115384615;0.146341463;0;0.042253521;0;0;0;0;0;0.071428571;0.25;0.037037037;0;0;0.019379845;0.096774194;0;0;0.021276596;0;0.088235294;0.089552239;0;0;0;0;0;0;0;0;0.5;0.5;0.117647059;0;0.019313305;0.111111111;0;0;0.023809524;0;0;0;0.151515152
1570218;0;0;0.142857143;0;0;0;0;0;0;0;0;0;0;0;0.03030303;0;0;0;0;0;0;0;0;0;0;0;0;0;0;0;0.014925373;0;0;0;0;0;0;0;0;0;0;0;0;0.008583691;0;0;0;0;0;0;0;0
1588472;0;0;0.142857143;0;0;0;0;0;0;0.076923077;0.195121951;0;0.112676056;0;0;0;0;0;0.214285714;0.125;0;0;0.011904762;0.023255814;0.032258065;0;0;0.042553191;0;0;0.044776119;0;0;0;0.071428571;0;0;1;0;0;0;0.176470588;0;0.015021459;0.444444444;0;0.166666667;0;0;0;0;0.181818182
1588473;0;0;0;0;0;0;0;0;0;0;0;0.333333333;0.014084507;0;0;0;0;0;0.071428571;0;0;0;0;0.007751938;0;0;0;0.021276596;0;0;0.014925373;0;0;0;0;0;0;0;0;0;0;0;0;0.006437768;0;0;0.166666667;0;0;0;0;0.03030303
1619035;0.25;0;0;0.2;0.006134969;0.081081081;0;0;0;0.153846154;0.12195122;0;0.070422535;0;0;0;0;0;0.071428571;0;0;0.006369427;0;0.003875969;0.096774194;0;0;0.042553191;0;0;0.014925373;0;0;0;0.107142857;0;0;0;0;0;0;0.117647059;0;0.045064378;0.111111111;0.25;0;0;0;0;0;0.03030303
1619036;0;0;0;0;0;0;0;0;0;0;0;0;0.014084507;0;0;0;0;0;0;0.125;0;0;0;0.003875969;0.064516129;0;0;0;0;0;0.044776119;0;0;0;0;0;0;0;0;0;0;0;0;0.021459227;0;0;0;0;0;0;0;0
1644377;0;0;0;0;0;0;0;0;0;0;0.097560976;0;0;0;0;0;0;0;0;0;0;0;0;0.011627907;0;0;0;0;0;0.029411765;0;0;0;0;0.071428571;0;0;0;0;0;0;0;0;0.012875536;0;0;0;0;0;0;0;0
1651276;0;0;0;0;0;0;0;0;0;0;0.048780488;0;0;0;0;0;0;0;0;0;0;0;0;0.027131783;0;0;0;0;0;0.088235294;0;0;0;0;0;0;0;0;0;0;0;0;0;0.010729614;0;0;0;0;0;0;0;0
1656764;0;0;0;0;0.003067485;0;0;0;0;0;0.024390244;0;0;0;0;0;0;0;0;0;0;0.006369427;0;0.031007752;0;0;0;0;0;0;0;0;0;0;0.035714286;0;0;0;0;0;0;0;0;0.015021459;0;0;0;0;0;0;0;0
1658718;0;0;0;0;0;0;0;0;0;0;0;0;0;0;0;0;0;0;0.142857143;0;0;0;0;0.011627907;0;0;0;0;0;0.029411765;0;0;0;0;0;0;0;0;0;0;0;0;0;0.012875536;0;0;0;0;0;0;0;0
1662967;0;0;0;0;0;0;0;0;0;0;0.048780488;0;0;0;0;0;0;0;0;0;0;0.006369427;0;0;0;0;0;0;0;0;0;0;0;0;0.035714286;0;0;0;0;0;0;0;0;0.002145923;0;0;0;0;0;0;0;0
1666345;0;0;0.142857143;0;0;0;0;0;0;0;0;0;0;0;0;0;0;0;0;0;0;0.006369427;0;0.023255814;0;0;0;0;0;0;0;0;0;0;0;0;0;0;0;0;0;0;0;0.004291845;0;0;0;0;0;0;0;0
1668061;0;0;0;0;0;0;0;0;0;0;0.024390244;0;0;0;0;0;0;0;0.285714286;0;0;0;0;0.019379845;0;0;0;0;0;0;0;0;0;0;0;0;0;0;0;0;0;0;0;0.015021459;0;0;0;0;0;0;0;0
1671561;0;0;0;0;0;0;0;0;0;0;0;0;0;0;0;0;0;0;0.142857143;0;0;0;0;0;0;0;0;0;0;0;0;0;0;0;0;0;0;0;0;0;0;0;0;0;0;0;0;0;0;0;0;0
1671562;0;0;0;0;0.003067485;0;0;0;0;0.076923077;0.024390244;0;0;0.125;0;0;0;0;0;0;0;0.006369427;0;0.015503876;0;0;0;0;0;0;0.014925373;0;0;0;0.035714286;0;0;0;0;0;0;0;0;0.019313305;0;0;0;0;0;0;0;0
1700658;0;0;0;0;0;0;0;0;0;0;0;0;0;0;0.03030303;0;0;0;0;0;0;0;0;0;0;0;0;0;0;0;0;0;0;0;0;0;0;0;0;0;0;0;0;0;0;0;0;0;0;0;0;0
1730579;0;0;0;0;0;0;0;0;0;0;0;0;0;0;0;0;0;0;0;0;0;0;0.011904762;0;0;0;0;0.085106383;0;0;0.044776119;0;0;0;0;0;0;0;0;0;0;0;0;0;0;0;0;0;0;0;0;0
1730858;0;0;0;0;0;0;0;0;0;0;0;0.111111111;0;0;0.03030303;0;0;0;0;0;0;0;0;0;0;0;0;0.127659574;0;0;0.029850746;0;0;0;0;0;0;0;0;0;0;0;0;0;0;0;0.333333333;0;0;0;0;0
1747078;0;0;0;0;0;0;0;0;0;0;0;0;0.014084507;0;0;0;0;0;0;0;0;0;0;0;0;0;0;0;0;0;0;0;0;0;0;0;0;0;0;0;0;0;0;0;0;0;0;0;0;0;0;0
1751974;0;0;0;0;0;0;0;0;0;0;0;0;0;0;0;0;0;0;0;0;0;0;0;0;0;0;0;0.063829787;0;0;0;0;0;0;0;0;0;0;0;0;0;0;0;0;0;0;0.166666667;0;0;0;0;0
1770025;0;0;0;0;0;0;0;0;1;0;0;0;0;0;0;0;0;0;0;0;0;0;0;0;0;0;0;0;0;0;0;0;0;0;0;0;0;0;0;0;0;0;0;0;0;0;0;0;0;0;0;0
1789045;0;0;0;0;0;0;0;0;0;0;0;0.111111111;0;0;0;0;0;0;0;0;0;0;0.011904762;0;0;0;0;0.021276596;0;0;0.014925373;0;0;0;0;0;0;0;0;0;0;0;0;0;0;0;0.166666667;0;0;0;0;0
2333190;0;0;0;0;0;0;0;0;0;0;0;0;0;0;0;0;0;0;0;0;0;0;0.071428571;0;0;0.022222222;0;0.021276596;0;0;0;0;0;0;0;0;0;0;0;0;0;0;0;0.002145923;0;0;0;0;0;0;0;0
2346886;0;0;0;0;0;0;0;0;0;0;0;0;0.014084507;0;0;0.666666667;0;0;0;0;0;0;0.023809524;0;0;0.044444444;0;0;0;0.058823529;0;0;0;0;0;0;0;0;0;0;0.5;0.058823529;0;0;0;0;0;0;0;0;0;0
2346887;0;0;0;0;0;0;0;0;0;0;0;0;0;0;0;0;0;0;0;0;0;0;0.023809524;0;0;0;0;0;0;0;0;0;0;0;0;0;0;0;0;0;0;0;0;0;0;0;0;0;0;0;0;0
2356952;0;0;0;0;0;0;0;0;0;0;0;0;0;0;0;0;0;0;0;0;0;0;0.023809524;0;0;0;0;0;0;0;0;0;0;0;0;0;0;0;0;0;0;0;0;0;0;0;0;0;0;0;0;0
2359690;0;0;0;0;0;0;0;0;0;0;0;0;0;0;0;0;0;0;0;0;0;0;0;0.031007752;0;0.044444444;0;0;0;0;0;0;0;0;0;0;0;0;0;0;0;0;0;0.002145923;0;0;0;0;0;0;0;0
2369009;0;0;0;0;0;0;0;0;0;0;0;0;0;0;0.060606061;0;0;0;0;0;0;0;0.011904762;0;0;0.022222222;0;0.042553191;0;0.058823529;0;0;0;0;0;0;0;0;0;0;0;0;0;0;0;0;0;0;0;0;0;0
2382035;0;0;0;0;0;0;0;0;0;0;0;0;0;0;0;0;0;0;0;0;0;0;0.023809524;0;0;0;0;0;0;0;0;0;0;0;0;0;0;0;0;0;0;0;0;0;0;0;0;0;0;0;0;0
2384171;0;0;0;0;0;0;0;0;0;0;0;0;0.014084507;0;0.03030303;0;0;0;0;0;0;0;0.011904762;0;0;0.111111111;0;0.042553191;0;0.029411765;0;0;0;0;0;0;0;0;0;0;0;0;0;0.002145923;0;0;0;0;0;0;0;0
2391897;0;0;0;0;0;0;0;0;0;0;0;0;0;0;0;0;0;0;0;0;0;0;0.071428571;0;0;0;0;0;0;0;0;0;0;0;0;0;0;0;0;0;0;0;0;0;0;0;0;0;0;0;0;0
2397791;0;0;0;0;0;0;0;0;0;0;0;0;0.014084507;0;0;0.333333333;0;0;0;0;0;0;0.047619048;0;0;0.022222222;0;0;0;0.029411765;0;0;0;0;0;0;0;0;0;0;0;0.058823529;0;0.002145923;0;0;0;0;0;0;0;0
2416086;0;0;0;0;0;0;0;0;0;0;0;0;0.014084507;0;0;0;0;0;0;0;0;0;0.047619048;0;0;0;0;0.021276596;0;0.029411765;0;0;0;0;0;0;0;0;0;0;0;0;0;0.006437768;0;0;0;0;0;0;0;0
2435667;0;0;0;0;0;0;0;0;0;0;0;0;0.014084507;0;0;0;0;0;0;0;0;0;0.047619048;0;0;0.022222222;0;0;0;0.029411765;0;0;0;0;0;0;0;0;0;0;0;0;0;0.002145923;0;0;0;0;0;0;0;0
2451220;0;0;0;0;0;0;0;0;0;0;0;0;0.028169014;0;0.060606061;0;0;0;0;0;0;0;0.011904762;0;0;0.044444444;0;0.085106383;0;0;0;0;0;0;0;1;0;0;0;0;0;0.117647059;0;0.002145923;0;0;0;0;0;0;0;0
2470987;0;0;0;0;0;0;0;0;0;0;0;0;0.014084507;0;0;0;0;0;0;0;0;0;0.035714286;0;0;0;0;0.063829787;0;0.029411765;0;0;0;0;0;0;0;0;0;0;0;0;0;0.002145923;0;0;0;0;0;0;0;0
2490367;0;0;0.142857143;0;0;0;0;0;0;0;0;0;0;0;0;0;0;0;0;0;0;0;0.023809524;0;0;0.044444444;0;0;0;0;0;0;0;0;0;0;0;0;0;0;0;0;0;0.002145923;0;0;0;0;0;0;0;0
2508399;0;0;0;0;0;0;0;0;0;0;0;0;0;0;0;0;0;0;0;0;0;0;0.035714286;0;0;0.088888889;0;0.021276596;0.111111111;0;0;0;0;0;0;0;0;0;0;0;0;0.058823529;0;0;0;0;0;0;0;0;0;0
2659737;0;0;0;0;0;0;0;0;0;0;0;0;0;0;0;0;0;0;0;0;0;0;0;0;0;0;0;0;0;0;0;0;0;0;0;0;0;0;0;0;0;0;0.019047619;0;0;0;0;0;0;0;0;0
4481084;0;0;0;0;0;0.081081081;0;0;0;0;0;0;0;0;0;0;0;0;0;0;0;0;0;0;0;0;0;0;0;0;0;0;0;0;0;0;0;0;0;0;0;0;0;0;0;0;0;0;0;0;0;0
4755032;0;0;0;0;0;0;0;0;0;0;0;0;0;0;0;0;0;0.006493506;0;0;0;0;0;0;0;0;0;0;0;0;0;0;0;0;0;0;0;0;0;0;0;0;0;0;0;0;0;0;0;0;0;0
5172506;0;0;0;0;0;0;0;0;0;0;0;0;0;0;0.03030303;0;0;0;0;0;0;0.01910828;0;0;0;0;0;0;0;0;0;0;0;0;0;0;0;0;0;0;0;0;0;0;0;0;0;0;0;0;0;0
5199340;0;0;0;0;0;0;0;0;0;0;0;0;0.014084507;0;0;0;0;0;0;0;0;0;0.035714286;0;0;0;0;0;0;0;0;0;0;0;0;0;0;0;0;0;0;0;0.00952381;0;0;0;0;0;0;0;0;0
5214239;0;0;0;0;0;0;0;0;0;0;0;0;0;0;0;0;0;0;0;0;0;0;0.023809524;0;0.032258065;0;0;0;0;0;0;0;0;0;0;0;0;0;0;0;0;0;0.00952381;0;0;0;0;0;0;0;0;0
5301371;0;0;0;0;0;0;0;0;0;0;0;0;0;0;0.03030303;0;0;0;0;0;0;0.044585987;0;0;0;0;0;0;0;0;0;0;0;0;0;0;0;0;0;0;0;0;0;0;0;0;0;0;0;0;0;0
5320599;0;0;0;0;0;0;0;0;0;0;0;0;0;0;0.03030303;0;0;0;0;0;0;0.01910828;0;0;0;0;0;0;0;0;0;0;0;0;0.071428571;0;0;0;0;0;0;0;0;0;0;0;0;0;0;0;0;0
5323032;0;0;0;0;0;0;0;0;0;0;0;0;0;0;0;0;0;0;0;0;0;0.01910828;0;0;0;0;0;0;0;0;0;0;0;0;0;0;0;0;0;0;0;0;0;0;0;0;0;0;0;0;0;0
5324608;0;0;0;0;0;0;0;0;0;0;0;0;0;0;0;0;0;0;0;0;0;0.057324841;0;0;0;0;0;0;0;0;0;0;0;0;0;0;0;0;0;0;0;0;0;0;0;0;0;0;0;0;0;0
5328483;0;0;0;0;0;0;0;0;0;0;0;0;0;0;0.03030303;0;0;0;0;0;0;0.057324841;0;0;0;0;0;0;0;0;0;0;0;0;0;0;0;0;0;0;0;0;0;0;0;0;0;0;0;0;0;0
5329735;0;0;0;0;0;0;0;0;0;0;0;0;0;0;0.03030303;0;0;0;0;0;0;0.01910828;0;0;0;0;0;0;0;0;0;0;0;0;0;0;0;0;0;0;0;0;0;0;0;0;0;0;0;0;0;0
5330927;0;0;0;0;0;0;0;0;0;0;0;0;0;0;0;0;0;0;0;0;0;0;0.011904762;0;0.032258065;0;0;0;0;0;0;0;0;0;0;0;0;0;0;0;0;0.058823529;0.00952381;0;0;0.125;0;0;0;0;0;0
5332066;0;0;0;0;0;0;0;0;0;0;0;0;0;0;0.03030303;0;0;0;0;0;0;0.038216561;0;0;0;0;0;0;0;0;0;0;0;0;0.035714286;0;0;0;0;0;0;0;0;0;0;0;0;0;0;0;0;0
5343497;0;0;0;0;0;0;0;0;0;0;0;0;0;0;0;0;0;0;0;0;0;0;0.011904762;0;0;0;0;0;0;0;0;0;0;0;0;0;0;0;0;0;0;0;0.00952381;0;0;0;0;0;0;0;0;0
5354764;0;0;0;0;0;0;0;0;0;0;0;0;0;0;0.03030303;0;0;0;0;0;0;0.044585987;0;0;0;0;0;0;0;0;0;0;0;0;0;0;0;0;0;0;0;0;0;0;0;0;0;0;0;0;0;0
5355987;0;0;0;0;0;0;0;0;0;0;0;0;0;0;0.03030303;0;0;0;0;0;0;0.025477707;0;0;0;0;0;0;0;0;0;0;0;0;0;0;0;0;0;0;0;0;0;0;0;0;0;0;0;0;0;0
5356404;0;0;0;0;0;0;0;0;0;0;0;0;0;0;0;0;0;0;0;0;0;0.006369427;0;0;0;0;0;0;0;0;0;0;0;0;0;0;0;0;0;0;0;0;0;0;0;0;0;0;0;0;0;0
5357428;0;0;0;0;0;0;0;0;0;0;0;0;0;0;0;0;0;0;0;0;0;0.006369427;0;0;0;0;0;0;0;0;0;0;0;0;0;0;0;0;0;0;0;0;0;0;0;0;0;0;0;0;0;0
5357448;0;0;0;0;0;0;0;0;0;0;0;0;0;0;0;0;0;0;0;0;0;0.006369427;0;0;0;0;0;0;0;0;0;0;0;0;0;0;0;0;0;0;0;0;0;0;0;0;0;0;0;0;0;0
5357457;0;0;0;0;0;0;0;0;0;0;0;0;0;0;0.03030303;0;0;0;0;0;0;0.044585987;0;0;0;0;0;0;0;0;0;0;0;0;0.035714286;0;0;0;0;0;0;0;0;0;0;0;0;0;0;0;0;0
5358079;0;0;0;0;0;0;0;0;0;0;0;0;0;0;0.03030303;0;0;0;0;0;0;0.025477707;0;0;0;0;0;0;0;0;0;0;0;0;0;0;0;0;0;0;0;0;0;0;0;0;0;0;0;0;0;0
5359082;0;0;0;0;0;0;0;0;0;0;0;0;0;0;0.03030303;0;0;0;0;0;0;0.031847134;0;0;0;0;0;0;0;0;0;0;0;0;0.071428571;0;0;0;0;0;0;0;0;0;0;0;0;0;0;0;0;0
5359828;0;0;0;0;0;0;0;0;0;0;0;0;0;0;0.03030303;0;0;0;0;0;0;0.038216561;0;0;0;0;0;0;0;0;0;0;0;0;0;0;0;0;0;0;0;0;0;0;0;0;0;0;0;0;0;0
5361472;0;0;0;0;0;0;0;0;0;0;0;0;0;0;0.03030303;0;0;0;0;0;0;0.050955414;0;0;0;0;0;0;0;0;0;0;0;0;0.035714286;0;0;0;0;0;0;0;0;0;0;0;0;0;0;0;0;0
5362017;0;0;0;0;0;0;0;0;0;0;0;0;0;0;0.03030303;0;0;0;0;0;0;0.031847134;0;0;0;0;0;0;0;0;0;0;0;0;0;0;0;0;0;0;0;0;0;0;0;0;0;0;0;0;0;0
5362837;0;0;0;0;0;0;0;0;0;0;0;0;0;0;0.03030303;0;0;0;0;0;0;0.038216561;0;0;0;0;0;0;0;0;0;0;0;0;0;0;0;0;0;0;0;0;0;0;0;0;0;0;0;0;0;0
5363188;0;0;0;0;0;0;0;0;0;0;0;0;0;0;0;0;0;0;0;0;0;0.006369427;0;0;0;0;0;0;0;0;0;0;0;0;0;0;0;0;0;0;0;0;0;0;0;0;0;0;0;0;0;0
5363499;0;0;0;0;0;0;0;0;0;0;0;0;0;0;0;0;0;0;0;0;0;0.031847134;0;0;0;0;0;0;0;0;0;0;0;0;0;0;0;0;0;0;0;0;0;0;0;0;0;0;0;0;0;0
5483286;0;0;0;0;0;0;0;0;0;0;0;0;0;0;0;0;0;0;0;0;0;0;0.023809524;0;0;0;0;0.021276596;0;0;0;0;0;0;0;0;0.5;0;0;0;0;0;0.00952381;0;0;0;0;0;0;0;0;0
5488009;0;0;0;0;0;0;0;0;0;0;0;0;0.028169014;0;0;0;0;0;0;0;0;0;0.023809524;0;0;0;0;0;0;0;0;0;0;0;0;0;0;0;0;0;0;0;0.00952381;0;0;0;0;0;0;0;0;0
5493621;0;0;0;0;0;0;0;0;0;0;0;0;0;0;0;0;0;0;0;0;0;0;0.023809524;0;0;0;0;0;0;0;0;0;0;0;0;0;0;0;0;0;0;0;0.00952381;0;0;0;0;0;0;0;0;0
6434065;0;0;0;0;0;0;0;0;0;0;0;0;0;0;0;0;0;0;0;0;0;0;0;0;0;0;0;0;0;0;0;0;0;0;0;0;0;0;0;0;0;0;0;0.004291845;0;0;0;0;0;0;0;0
6479144;0;0;0;0;0;0;0;0;0;0;0;0;0;0;0;0;0;0;0;0;0;0;0;0;0;0;0;0;0;0;0;0.004950495;0;0;0;0;0;0;0;0;0;0;0;0;0;0;0;0;0;0;0;0
6537459;0;0;0;0;0;0;0;0;0;0;0;0;0;0;0;0;0;0;0;0;0;0;0;0;0;0;0;0;0;0;0;0.004950495;0;0;0;0;0;0;0;0;0;0;0;0;0;0;0;0;0;0;0;0
6548448;0;0;0;0;0;0;0;0;0;0;0;0;0;0;0;0;0;0;0;0;0;0;0;0;0;0;0;0;0;0;0;0.004950495;0;0;0;0;0;0;0;0;0;0;0;0.002145923;0;0;0;0;0;0;0;0
8697558;0;0;0;0;0;0;0;0;0;0.038461538;0.048780488;0;0.126760563;0.25;0;0;0;0;0;0;0;0;0;0;0;0.022222222;0;0;0;0;0;0;0;0;0;0;0;0;0;0;0;0;0;0.002145923;0;0;0;0;0;0;0;0
8783502;0;0;0;0;0;0;0;0;0;0.038461538;0;0;0.014084507;0.125;0;0;0;0;0;0;0;0;0;0;0;0;0;0;0;0;0;0;0;0;0;0;0;0;0;0;0;0;0;0.002145923;0;0;0;0;0;0;0;0
8783560;0;0;0;0;0;0;0;0;0;0.076923077;0;0;0.028169014;0;0;0;0;0;0;0;0;0;0;0;0;0;0;0;0;0;0;0;0;0;0;0;0;0;0;0;0;0;0;0.008583691;0;0;0;0;0;0;0;0
8823107;0;0;0;0;0;0;0;0;0;0.076923077;0;0;0.042253521;0;0;0;1;0;0;0;0;0;0;0;0;0;0;0;0;0;0;0;0;0;0;0;0;0;0;0;0;0;0;0.002145923;0;0;0;0;0;0;0;0
8823149;0;0;0;0;0;0;0;0;0;0;0;0;0;0.125;0;0;0;0;0;0;0;0;0;0;0;0;0;0;0;0;0;0;0;0;0;0;0;0;0;0;0;0;0;0;0;0;0;0;0;0;0;0
11010081;0;0;0;0;0;0;0;0;0;0;0;0;0;0;0;0;0;0;0;0;0;0;0;0;0;0;0;0;0;0;0;0;0;0;0;0;0;0;0;0;0;0;0;0.002145923;0;0;0;0;0;0;0;0
15482203;0;0;0;0;0;0;0;0;0;0;0;0;0;0;0.060606061;0;0;0;0;0;0;0;0;0;0;0;0;0;0;0;0.014925373;0;0;0;0;0;0;0;0;0;0;0;0;0;0;0;0;0;0;0;0;0
16289839;0;0;0;0;0;0;0;0;0;0;0;0;0;0;0.03030303;0;0;0;0;0;0;0;0;0;0;0;0;0;0;0;0.044776119;0;0;0;0;0;0;0;0;0;0;0;0;0;0;0;0;0;0;0;0;0
16300038;0;0;0;0;0;0;0;0;0;0;0;0;0;0;0.03030303;0;0;0;0;0;0;0;0.011904762;0;0;0;0;0;0;0;0.029850746;0;0;0;0;0;0;0;0;0;0;0;0;0;0;0;0;0;0;0;0;0
16895010;0;0;0;0;0.003067485;0;0;0;0;0;0;0;0;0;0;0;0;0;0;0;0;0;0;0;0;0;0;0;0;0;0;0;0;0;0;0;0;0;0;0;0;0;0;0;0;0;0;0;0;0;0;0
16929069;0;0;0;0;0.009202454;0;0;0;0;0;0;0;0;0;0;0;0;0;0;0;0;0;0;0;0;0;0;0;0;0;0;0;0;0;0;0;0;0;0;0;0;0;0;0;0;0;0;0;0;0;0;0
17591647;0;0;0;0;0;0;0;0;0;0;0;0;0;0;0;0;0;0;0;0;0;0;0;0;0;0;0;0;0;0;0;0;0;0;0;0;0;0;0;0;0;0;0;0.006437768;0;0;0;0;0;0;0;0
17591753;0;0;0;0;0;0;0;0;0;0.076923077;0;0;0;0;0;0;0;0;0;0;0;0;0;0;0;0;0;0;0;0;0;0;0;0;0;0;0;0;0;0;0;0;0;0.010729614;0;0;0;0;0;0;0;0
18256364;0;0;0;0;0;0;0;0;0;0;0;0;0;0;0;0;0;0;0;0;0;0;0;0;0;0;0;0;0;0;0;0;0;0;0;0;0;0;0;0;0;0;0;0.017167382;0;0;0;0;0;0;0;0
18260269;0;0;0;0;0;0;0;0;0;0;0;0;0;0;0;0;0;0;0;0;0;0;0;0;0;0;0;0;0;0;0;0;0;0;0;0;0;0;0;0;0;0;0;0.017167382;0;0;0;0;0;0;0;0
18260385;0;0;0;0;0;0;0;0;0;0;0;0;0.014084507;0;0;0;0;0;0;0;0;0;0;0;0;0;0;0;0;0;0;0;0;0;0;0;0;0;0;0;0;0;0;0.010729614;0;0;0;0;0;0;0;0
18267417;0;0;0;0;0;0;0;0;0;0;0;0;0;0;0;0;0;0;0;0;0;0;0;0;0;0;0;0;0;0;0;0;0;0;0;0;0;0;0;0;0;0;0;0.019313305;0;0;0;0;0;0;0;0
18267546;0;0;0;0;0;0;0;0;0;0;0;0;0;0;0;0;0;0;0;0;0;0;0;0;0;0;0;0;0;0;0;0;0;0;0;0;0;0;0;0;0;0;0;0.032188841;0;0;0;0;0;0;0;0
18271628;0;0;0;0;0;0;0;0;0;0;0;0;0;0;0;0;0;0;0;0;0;0;0;0;0;0;0;0;0;0;0;0;0;0;0;0;0;0;0;0;0;0;0;0.006437768;0;0;0;0;0;0;0;0
18378257;0;0;0;0;0;0;0;0;0;0;0;0;0;0;0;0;0;0;0;0;0;0;0;0;0;0;0;0;0;0;0;0;0;0;0;0;0;0;0;0;0;0;0;0.012875536;0;0;0;0;0;0;0;0
18378347;0;0;0;0;0;0;0;0;0;0;0;0;0;0;0;0;0;0;0;0;0;0;0;0;0;0;0;0;0;0;0;0;0;0;0;0;0;0;0;0;0;0;0;0.008583691;0;0;0;0;0;0;0;0
18387151;0;0;0;0;0;0;0;0;0;0.038461538;0;0;0.014084507;0;0;0;0;0;0;0;0;0;0;0;0;0;0;0;0;0;0;0;0;0;0;0;0;0;0;0;0;0;0;0.006437768;0;0;0;0;0;0;0;0
18398453;0;0;0;0;0;0;0;0;0;0;0;0;0;0;0;0;0;0;0;0;0;0;0;0;0;0;0;0;0;0;0;0;0;0;0;0;0;0;0;0;0;0;0;0.006437768;0;0;0;0;0;0;0;0
19475136;0;0;0;0;0;0;0;0;0;0;0;0;0;0;0;0;0;0;0;0;0;0;0;0;0;0;0;0;0;0;0.014925373;0;0;0;0;0;0;0;0;0;0;0;0.019047619;0;0;0;0;0;0;0;0;0
19609562;0;0;0;0;0;0;0;0;0;0;0;0;0;0;0;0;0;0;0;0;0;0;0;0;0;0;0;0;0;0;0.014925373;0;0;0;0;0;0;0;0;0;0;0;0.038095238;0;0;0;0;0;0;0;0;0
19744737;0;0;0;0;0;0;0;0;0;0;0;0;0;0;0;0;0;0;0;0;0;0;0;0;0;0;0;0;0;0;0.014925373;0;0;0;0;0;0;0;0;0;0;0;0.028571429;0;0;0;0;0;0;0;0;0
20398616;0;0.00990099;0;0;0.036809816;0.027027027;0;0;0;0;0;0;0;0;0;0;0;0;0;0;0;0;0;0;0;0;0;0;0;0;0;0;0;0;0;0;0;0;0;0;0;0;0;0;0;0;0;0;0;0;0;0
20452031;0;0.00990099;0;0;0.018404908;0;0;0;0;0;0.024390244;0.111111111;0;0;0;0;0;0;0;0;0;0;0.035714286;0;0;0;0;0;0;0;0;0;0;0;0;0;0;0;0;0;0;0;0;0.004291845;0;0;0;0;0;0;0;0.060606061
20452032;0;0.004950495;0;0;0.015337423;0;0;0;0;0;0;0;0;0;0;0;0;0.006493506;0;0;0;0;0.035714286;0;0.032258065;0;0;0.021276596;0;0;0;0;0;0;0;0;0;0;0;0;0;0;0;0.004291845;0;0;0;0;0;0;0;0.090909091
20479453;0;0.004950495;0;0;0.033742331;0;0;0;0;0;0;0;0;0;0;0;0;0;0;0;0;0;0.011904762;0;0;0;0;0;0;0;0;0;0;0;0;0;0;0;0;0;0;0;0;0.004291845;0;0;0;0;0;0;0;0.060606061
20479454;0;0.004950495;0;0;0.018404908;0;0;0;0;0;0;0;0;0;0;0;0;0;0;0;0;0;0;0.003875969;0;0;0;0;0;0;0;0;0;0;0;0;0;0;0;0;0;0;0;0.004291845;0;0;0;0;0;0;0;0
20518603;0;0;0;0;0;0;0;0;0;0;0;0;0;0;0;0;0;0.006493506;0;0;0;0;0;0;0;0;0;0;0;0;0.014925373;0;0;0.05;0;0;0;0;0;0;0;0;0;0;0;0;0;0;0;0;0;0
20539388;0;0.014851485;0;0;0.006134969;0;0;0;0;0;0;0;0;0;0;0;0;0;0;0;0;0;0;0;0;0;0;0;0;0;0;0;0;0;0;0;0;0;0;0;0;0;0;0;0;0;0;0;0;0;0;0
20595783;0;0;0;0;0;0;0;0;0;0;0;0;0;0;0;0;0;0.025974026;0;0;0;0;0;0;0;0;0;0;0;0;0;0;0;0;0;0;0;0;0;0;0;0;0;0;0;0;0;0;0;0;0;0
20667018;0;0;0;0;0;0;0;0;0;0;0;0;0;0;0;0;0;0.025974026;0;0;0;0;0;0;0;0;0;0;0;0;0;0;0;0;0;0;0;0;0;0;0;0;0;0;0;0;0;0.023809524;0;0;0;0
20707248;0;0;0;0;0;0;0;0;0;0;0;0;0;0;0;0;0;0.012987013;0;0;0;0;0;0;0;0;0;0;0;0;0;0.004950495;0;0.025;0;0;0;0;0;0;0;0;0;0;0;0;0;0;0;0;0;0
20767966;0;0;0;0;0;0;0;0;0;0;0;0;0;0;0;0;0;0.032467532;0;0;0;0;0;0;0;0;0;0;0;0;0;0;0;0.025;0;0;0;0;0;0;0;0;0;0;0;0;0;0;0;0;0;0
20816358;0;0;0;0;0;0;0;0;0;0;0;0;0;0;0;0;0;0.019480519;0;0;0;0;0;0;0;0;0;0;0;0;0;0.004950495;0;0;0;0;0;0;0;0;0;0;0;0;0;0;0;0;0;0;0;0
20852565;0;0;0;0;0;0;0;0;0;0;0;0;0;0;0;0;0;0.006493506;0;0;0;0;0;0;0;0;0;0;0;0;0.014925373;0;0;0.025;0;0;0;0;0;0;0;0;0;0;0;0;0;0;0;0;0;0
20852566;0;0;0;0;0;0;0;0;0;0;0;0;0;0;0;0;0;0.012987013;0;0;0;0;0;0;0;0;0;0;0;0;0;0;0;0;0;0;0;0;0;0;0;0;0;0;0;0;0;0;0;0;0;0
20947831;0;0;0;0;0;0;0;0;0;0;0;0;0;0;0;0;0;0.032467532;0;0;0;0;0;0;0;0;0;0;0;0;0;0;0;0.025;0;0;0;0;0;0;0;0;0;0;0;0;0;0;0;0;0;0
20994140;0;0;0;0;0;0;0;0;0;0;0;0;0;0;0;0;0;0.012987013;0;0;0;0;0;0;0;0;0;0;0;0;0;0;0;0.025;0;0;0;0;0;0;0;0;0;0;0;0;0;0;0;0;0;0
21018603;0;0;0;0;0;0;0;0;0;0;0;0;0;0;0;0;0;0.019480519;0;0;0;0;0;0;0;0;0;0;0;0;0;0.00990099;0;0;0;0;0;0;0;0;0;0;0;0;0;0;0;0;0;0;0;0
21055190;0;0;0;0;0;0;0;0;0;0;0;0;0;0;0;0;0;0.012987013;0;0;0;0;0;0;0;0;0;0;0;0;0.014925373;0;0;0;0;0;0;0;0;0;0;0;0;0;0;0;0;0;0;0;0;0
21062183;0;0;0;0;0;0;0;0;0;0;0;0;0;0;0;0;0;0.025974026;0;0;0;0;0;0;0;0;0;0;0;0;0;0;0;0.025;0;0;0;0;0;0;0;0;0;0;0;0;0;0;0;0;0;0
21110533;0;0;0;0;0;0;0;0;0;0;0;0;0;0;0;0;0;0.025974026;0;0;0;0;0;0;0;0;0;0;0;0;0;0;0;0.025;0;0;0;0;0;0;0;0;0;0;0;0;0;0;0;0;0;0
21239290;0;0;0;0;0.003067485;0;0;0;0;0;0;0;0;0;0;0;0;0;0;0;0;0;0;0;0;0;0;0;0;0;0;0;0;0;0;0;0;0;0;0;0;0;0.00952381;0;0;0;0;0;0;0;0;0
21260803;0;0;0;0;0.003067485;0;0;0;0;0;0;0;0;0;0;0;0;0;0;0;0;0;0;0;0;0;0;0;0;0;0;0;0;0;0;0;0;0;0;0;0;0;0.00952381;0;0;0;0;0;0;0;0;0
21338338;0;0;0;0;0;0;0;0;0;0;0;0;0;0;0;0;0;0;0;0;0;0;0;0;0;0;0;0;0;0.029411765;0;0;0;0;0;0;0;0;0;0;0;0;0.00952381;0;0;0;0;0;0;0;0;0
21339051;0;0;0;0;0;0;0;0;0;0;0;0;0;0;0;0;0;0;0;0;0;0;0;0.003875969;0;0;0;0;0;0;0;0;0;0;0;0;0;0;0;0;0;0;0.00952381;0;0;0;0;0;0;0;0;0
23107836;0;0;0;0;0;0.081081081;0;0;0;0;0;0;0;0;0;0;0;0;0;0;0;0;0;0;0;0;0;0;0;0;0;0;0;0;0;0;0;0;0;0;0;0;0;0;0;0;0;0;0;0;0;0
23111105;0;0;0;0;0;0.081081081;0;0;0;0;0;0;0;0;0;0;0;0;0;0;0;0;0;0;0.032258065;0;0;0;0;0;0;0;0;0;0;0;0;0;0;0;0;0;0;0;0;0;0;0;0;0;0;0
23113839;0;0;0;0;0;0.054054054;0;0;0;0;0;0;0;0;0;0;0;0;0;0;0;0;0;0;0;0;0;0;0;0;0;0;0;0;0;0;0;0;0;0;0;0;0;0;0;0;0;0;0;0;0;0
23118263;0;0;0;0;0;0.081081081;0;0;0;0;0;0;0;0;0;0;0;0;0;0;0;0;0;0;0;0;0;0;0;0;0;0;0;0;0;0;0;0;0;0;0;0;0;0;0;0;0;0;0;0;0;0
23121154;0;0;0;0;0;0.081081081;0;0;0;0;0;0;0;0;0;0;0;0;0;0;0;0;0;0;0;0;0;0;0;0;0;0;0;0;0;0;0;0;0;0;0;0;0;0;0;0;0;0;0;0;0;0
23122352;0;0;0;0;0;0;0;0;0;0;0;0;0;0;0;0;0;0;0;0;0;0;0;0;0.032258065;0;0;0;0;0;0;0;0;0;0;0;0;0;0;0;0;0;0;0;0;0;0;0;0;0;0;0
23126155;0;0;0;0;0;0.108108108;0;0;0;0;0;0;0;0;0;0;0;0;0;0;0;0;0;0;0;0;0;0;0;0;0;0;0;0;0;0;0;0;0;0;0;0;0;0;0;0;0;0;0;0;0;0
23128231;0;0;0;0;0;0.081081081;0;0;0;0;0;0;0;0;0;0;0;0;0;0;0;0;0;0;0.032258065;0;0;0;0;0;0;0;0;0;0;0;0;0;0;0;0;0;0;0;0;0;0;0;0;0;0;0
23154010;0;0;0;0;0;0;0;0;0;0;0;0;0;0;0;0;0;0;0;0;0;0.050955414;0;0;0;0;0.25;0;0;0;0;0;0;0;0;0;0;0;0;0;0;0;0;0.002145923;0;0;0;0;0;0;0;0
23171474;0;0;0;0;0;0;0;0;0;0;0;0;0;0;0;0;0;0;0;0;0;0.089171975;0;0;0;0;0.25;0;0;0;0;0;0;0;0;0;0;0;0;0;0;0;0;0.002145923;0;0;0;0;0;0;0;0
23321830;0;0;0;0;0;0;0;0;0;0;0;0;0;0;0;0;0;0;0;0;0;0.044585987;0;0;0;0;0.25;0;0;0;0;0;0;0;0;0;0;0;0;0;0;0;0;0.002145923;0;0;0;0;0;0;0;0
23335731;0;0;0;0;0;0;0;0;0;0;0;0;0;0;0;0;0;0;0;0;0;0.101910828;0;0;0;0;0.25;0;0;0;0;0;0;0;0;0;0;0;0;0;0;0;0;0.002145923;0;0;0;0;0;0;0;0
25930899;0;0;0;0;0;0;0;0;0;0;0;0;0;0;0;0;0;0;0;0;0;0;0;0;0;0;0;0;0;0;0;0;0;0;0;0;0;0;0;0;0;0;0;0;0;0;0;0;0.014285714;0;0;0
26153636;0;0;0;0;0;0;0;0;0;0;0;0;0;0;0;0;0;0;0;0;0;0;0;0;0;0;0;0;0;0;0;0;0;0;0;0;0;0;0;0;0;0;0;0;0;0;0;0;0.171428571;0;0;0
26180184;0;0;0;0;0;0;0;0;0;0;0;0;0;0;0;0;0;0;0;0;0;0;0;0;0;0;0;0;0;0;0;0;0;0;0;0;0;0;0;0;0;0;0.00952381;0;0;0;0;0;0.071428571;0;0;0
26189153;0;0;0;0;0;0;0;0;0;0;0;0;0;0;0;0;0;0;0;0;0;0;0;0;0;0;0;0;0;0;0;0;0;0;0;0;0;0;0;0;0;0;0;0;0;0;0;0;0.028571429;0;0;0
26414131;0;0;0;0;0;0;0;0;0;0;0;0;0;0;0;0;0;0;0;0;0;0;0;0;0;0;0;0;0;0;0;0;0;0;0;0;0;0;0;0;0;0;0;0;0;0;0;0;0.157142857;0;0;0
26423659;0;0;0;0;0;0;0;0;0;0;0;0;0;0;0;0;0;0;0;0;0;0;0;0;0;0;0;0;0;0;0;0;0;0;0;0;0;0;0;0;0;0;0;0;0;0;0;0;0.142857143;0;0;0
26441688;0;0;0;0;0;0;0;0;0;0;0;0;0;0;0;0;0;0;0;0;0;0;0;0;0;0;0;0;0;0;0;0;0;0;0;0;0;0;0;0;0;0;0.00952381;0;0;0;0;0;0.085714286;0;0;0
26933734;0;0;0;0;0;0;0;0;0;0;0;0;0;0;0;0;0;0;0;0;0;0;0;0;0;0;0;0;0;0;0;0;0;0;0;0;0;0;0;0;0;0;0;0;0;0;0;0;0.185714286;0;0;0
26943647;0;0;0;0;0;0;0;0;0;0;0;0;0;0;0;0;0;0;0;0;0;0;0;0;0;0;0;0;0;0;0;0;0;0;0;0;0;0;0;0;0;0;0;0;0;0;0;0;0.128571429;0;0;0
27712219;0;0;0;0;0;0;0.025641026;0;0;0;0;0;0;0;0;0;0;0.019480519;0;0;0;0;0;0;0;0;0;0;0;0;0;0;0;0;0;0;0;0;0;0;0;0;0;0;0;0;0;0;0;0;0;0
27733963;0;0;0;0;0;0;0.051282051;0;0;0;0;0;0;0;0;0;0;0.019480519;0;0;0;0;0;0;0;0;0;0;0;0;0;0;0;0;0;0;0;0;0;0;0;0;0;0;0;0;0;0;0;0;0;0
27783325;0;0;0;0;0;0;0;0;0;0;0;0;0;0;0;0;0;0.051948052;0;0;0;0;0;0;0;0;0;0;0;0;0;0;0;0;0;0;0;0;0;0;0;0;0;0;0;0;0;0;0;0;0;0
27830988;0;0;0;0;0;0;0.076923077;0;0;0;0;0;0.014084507;0;0;0;0;0.012987013;0;0;0;0;0;0;0;0;0;0;0;0;0;0;0;0;0;0;0;0;0;0;0;0;0;0;0;0;0;0;0;0;0;0
27890830;0;0;0;0;0;0;0;0;0;0;0;0;0;0;0;0;0;0.045454545;0;0;0;0;0;0;0;0;0;0;0;0;0;0;0;0;0;0;0;0;0;0;0;0;0;0;0;0;0;0;0;0;0;0
27900335;0;0;0;0;0;0;0;0;0;0;0;0;0;0;0;0;0;0.006493506;0;0;0;0;0;0;0;0;0;0;0;0;0;0;0;0;0;0;0;0;0;0;0;0;0;0;0;0;0;0;0;0;0;0
27937653;0;0;0;0;0;0;0.025641026;0;0;0;0;0;0;0;0;0;0;0.012987013;0;0;0;0;0;0;0;0;0;0;0;0;0;0;0;0;0;0;0;0;0;0;0;0;0;0;0;0;0;0;0;0;0;0
27982823;0;0;0;0;0;0;0.025641026;0;0;0;0;0;0;0;0;0;0;0.025974026;0;0;0;0;0;0;0;0;0;0;0;0;0;0;0;0;0;0;0;0;0;0;0;0;0;0;0;0;0;0;0;0;0;0
28017654;0;0;0;0;0;0;0.025641026;0;0;0;0;0;0;0;0;0;0;0.025974026;0;0;0;0;0;0;0;0;0;0;0;0;0;0;0;0;0;0;0;0;0;0;0;0;0;0;0;0;0;0;0;0;0;0
28043449;0;0;0;0;0;0;0.051282051;0;0;0;0;0;0;0;0;0;0;0;0;0;0;0;0;0;0;0;0;0;0;0;0;0;0;0;0;0;0;0;0;0;0;0;0;0;0;0;0;0;0;0;0;0
28064795;0;0;0;0;0;0;0;0;0;0;0;0;0;0;0;0;0;0.025974026;0;0;0;0;0;0;0;0;0;0;0;0;0;0;0;0;0;0;0;0;0;0;0;0;0;0;0;0;0;0;0;0;0;0
28102724;0;0;0;0;0;0;0.025641026;0;0;0;0;0;0;0;0;0;0;0.019480519;0;0;0;0;0;0;0;0;0;0;0;0;0;0;0;0;0;0;0;0;0;0;0;0;0;0;0;0;0;0;0;0;0;0
28139723;0;0;0;0;0;0;0;0;0;0;0;0;0;0;0;0;0;0.038961039;0;0;0;0;0;0;0;0;0;0;0;0;0;0;0;0;0;0;0;0;0;0;0;0;0;0;0;0;0;0;0;0;0;0
28199694;0;0;0;0;0;0;0.025641026;0;0;0;0;0;0;0;0;0;0;0.051948052;0;0;0;0;0;0;0;0;0;0;0;0;0;0;0;0.025;0;0;0;0;0;0;0;0;0;0;0;0;0;0;0;0;0;0
28249216;0;0;0;0;0;0;0.025641026;0;0;0;0;0;0;0;0;0;0;0.006493506;0;0;0;0;0;0;0;0;0;0;0;0;0;0;0;0;0;0;0;0;0;0;0;0;0;0;0;0;0;0;0;0;0;0
28293056;0;0;0;0;0;0;0;0;0;0;0;0;0;0;0;0;0;0.019480519;0;0;0;0;0;0;0;0;0;0;0;0;0;0;0;0;0;0;0;0;0;0;0;0;0;0;0;0;0;0;0;0;0;0
28306941;0;0;0;0;0;0;0.025641026;0;0;0;0;0;0;0;0;0;0;0.012987013;0;0;0;0;0;0;0;0;0;0;0;0;0;0;0;0;0;0;0;0;0;0;0;0;0;0;0;0;0;0;0;0;0;0
28352422;0;0;0;0;0;0;0.025641026;0;0;0;0;0;0;0;0;0;0;0.019480519;0;0;0;0;0;0;0;0;0;0;0;0;0;0;0;0;0;0;0;0;0;0;0;0;0;0;0;0;0;0;0;0;0;0
28376615;0;0;0;0;0;0;0;0;0;0;0;0;0;0;0;0;0;0.038961039;0;0;0;0;0;0;0;0;0;0;0;0;0;0;0;0;0;0;0;0;0;0;0;0;0;0;0;0;0;0;0;0;0;0
28386161;0;0;0;0;0;0;0.025641026;0;0;0;0;0;0;0;0;0;0;0.012987013;0;0;0;0;0;0;0;0;0;0;0;0;0;0;0;0;0;0;0;0;0;0;0;0;0;0;0;0;0;0;0;0;0;0
28396421;0;0;0;0;0;0;0.025641026;0;0;0;0;0;0;0;0;0;0;0.012987013;0;0;0;0;0;0;0;0;0;0;0;0;0;0;0;0;0;0;0;0;0;0;0;0;0;0;0;0;0;0;0;0;0;0
28424838;0;0;0;0;0;0;0;0;0;0;0;0;0;0;0;0;0;0.025974026;0;0;0;0;0;0;0;0;0;0;0;0;0;0;0;0;0;0;0;0;0;0;0;0;0;0;0;0;0;0;0;0;0;0
28493149;0;0;0;0;0;0;0;0;0;0;0;0;0;0;0;0;0;0.032467532;0;0;0;0;0;0;0;0;0;0;0;0;0;0;0;0.025;0;0;0;0;0;0;0;0;0;0;0;0;0;0;0;0;0;0
28524063;0;0;0;0;0;0;0.051282051;0;0;0;0;0;0;0;0;0;0;0;0;0;0;0;0;0;0;0;0;0;0;0;0;0;0;0;0;0;0;0;0;0;0;0;0;0;0;0;0;0;0;0;0;0
29685509;0;0;0;0;0;0;0;0;0;0;0;0;0;0;0;0;0;0;0;0;0;0;0;0;0;0;0;0;0;0;0;0.02970297;0;0;0;0;0;0;0;0;0;0;0;0.004291845;0;0;0;0;0;0;0;0
29685573;0;0;0;0;0;0;0;0;0;0;0;0;0;0;0;0;0;0;0;0;0;0;0;0;0;0;0;0;0;0;0;0.00990099;0;0;0;0;0;0;0;0;0;0;0;0.012875536;0;0;0;0;0;0;0;0
29690737;0;0;0;0;0;0;0;0;0;0;0;0;0;0;0;0;0;0;0;0;0;0;0;0;0;0;0;0;0;0;0;0.02970297;0;0;0;0;0;0;0;0;0;0;0;0.015021459;0;0;0;0;0;0;0;0
29699301;0;0;0;0;0;0;0;0;0;0;0;0;0;0;0;0;0;0;0;0;0;0;0;0;0;0;0;0;0;0;0;0.00990099;0;0;0;0;0;0;0;0;0;0;0;0.010729614;0;0;0;0;0;0;0;0
29699370;0;0;0;0;0;0;0;0;0;0;0;0;0;0;0;0;0;0;0;0;0;0;0;0;0;0;0;0;0;0;0;0.02970297;0;0;0;0;0;0;0;0;0;0;0;0.010729614;0;0;0;0;0;0;0;0
29841125;0;0;0;0;0;0;0;0;0;0;0;0;0;0;0;0;0;0;0;0;0;0;0;0;0;0;0;0;0;0;0;0.01980198;0;0;0;0;0;0;0;0;0;0;0;0.006437768;0;0;0;0;0;0;0;0
29841181;0;0;0;0;0;0;0;0;0;0;0;0;0;0;0;0;0;0;0;0;0;0;0;0;0;0;0;0;0;0;0;0.01980198;0;0;0;0;0;0;0;0;0;0;0;0.010729614;0;0;0;0;0;0;0;0
29841183;0;0;0;0;0;0;0;0;0;0;0;0;0;0;0;0;0;0;0;0;0;0;0;0;0;0;0;0;0;0;0;0.00990099;0;0;0;0;0;0;0;0;0;0;0;0;0;0;0;0;0;0;0;0
29843496;0;0;0;0;0;0;0;0;0;0;0;0;0;0;0;0;0;0;0;0;0;0;0;0;0;0;0;0;0;0;0;0.024752475;0.166666667;0;0;0;0;0;0;0;0;0;0;0.015021459;0;0;0;0;0;0;0;0
29846145;0;0;0;0;0;0;0;0;0;0;0;0;0;0;0;0;0;0;0;0;0;0;0;0;0;0;0;0;0;0;0;0.01980198;0;0;0;0;0;0;0;0;0;0;0;0.006437768;0;0;0;0;0;0;0;0
29846198;0;0;0;0;0;0;0;0;0;0;0;0;0;0;0;0;0;0;0;0;0;0;0;0;0;0;0;0;0;0;0;0.02970297;0;0;0;0;0;0;0;0;0;0;0;0.010729614;0;0;0;0;0;0;0;0
29849761;0;0;0;0;0;0;0;0;0;0;0;0;0;0;0;0;0;0;0;0;0;0;0;0;0;0;0;0;0;0;0;0.02970297;0;0;0;0;0;0;0;0;0;0;0;0.010729614;0;0;0;0;0;0;0;0
29856709;0;0;0;0;0;0;0;0;0;0;0;0;0;0;0;0;0;0;0;0;0;0;0;0;0;0;0;0;0;0;0;0.03960396;0;0;0;0;0;0;0;0;0;0;0;0.008583691;0;0;0;0;0;0;0;0
29856763;0;0;0;0;0;0;0;0;0;0;0;0;0;0;0;0;0;0;0;0;0;0;0;0;0;0;0;0;0;0;0;0.034653465;0;0;0;0;0;0;0;0;0;0;0;0.008583691;0;0;0;0;0;0;0;0
29862632;0;0;0;0;0;0;0;0;0;0;0;0;0;0;0;0;0;0;0;0;0;0;0;0;0;0;0;0;0;0;0;0.024752475;0;0;0;0;0;0;0;0;0;0;0;0.012875536;0;0;0;0;0;0;0;0
29862683;0;0;0;0;0;0;0;0;0;0;0;0;0;0;0;0;0;0;0;0;0;0;0;0;0;0;0;0;0;0;0;0.00990099;0.166666667;0;0;0;0;0;0;0;0;0;0;0.008583691;0;0;0;0;0;0;0;0
29991131;0;0;0;0;0;0;0;0;0;0;0;0;0;0;0;0;0;0;0;0;0;0;0;0;0;0;0;0;0;0;0;0.00990099;0.166666667;0;0;0;0;0;0;0;0;0;0;0.015021459;0;0;0;0;0;0;0;0
29991319;0;0;0;0;0;0;0;0;0;0;0;0;0;0;0;0;0;0;0;0;0;0;0;0;0;0;0;0;0;0;0;0.014851485;0;0;0;0;0;0;0;0;0;0;0;0.02360515;0;0;0;0;0;0;0;0
30012439;0;0;0;0;0;0;0;0;0;0;0;0;0;0;0;0;0;0;0;0;0;0;0;0;0;0;0;0;0;0;0;0.02970297;0.166666667;0;0;0;0;0;0;0;0;0;0;0.010729614;0;0;0;0;0;0;0;0
30012493;0;0;0;0;0;0;0;0;0;0;0;0;0;0;0;0;0;0;0;0;0;0;0;0;0;0;0;0;0;0;0;0.014851485;0;0;0;0;0;0;0;0;0;0;0;0.004291845;0;0;0;0;0;0;0;0
30019441;0;0;0;0;0;0;0;0;0;0;0;0;0;0;0;0;0;0;0;0;0;0;0;0;0;0;0;0;0;0;0;0.03960396;0;0;0;0;0;0;0;0;0;0;0;0.008583691;0;0;0;0;0;0;0;0
30019496;0;0;0;0;0;0;0;0;0;0;0;0;0;0;0;0;0;0;0;0;0;0;0;0;0;0;0;0;0;0;0;0.03960396;0;0;0;0;0;0;0;0;0;0;0;0.006437768;0;0;0;0;0;0;0;0
30025058;0;0;0;0;0;0;0;0;0;0;0;0;0;0;0;0;0;0;0;0;0;0;0;0;0;0;0;0;0;0;0;0.044554455;0;0;0;0;0;0;0;0;0;0;0;0.006437768;0;0;0;0;0;0;0;0
30151029;0;0;0;0;0;0;0;0;0;0;0;0;0;0;0;0;0;0;0;0;0;0;0;0;0;0;0;0;0;0;0;0.01980198;0;0;0;0;0;0;0;0;0;0;0;0.008583691;0;0;0;0;0;0;0;0
30151070;0;0;0;0;0;0;0;0;0;0;0;0;0;0;0;0;0;0;0;0;0;0;0;0;0;0;0;0;0;0;0;0.034653465;0;0;0;0;0;0;0;0;0;0;0;0.015021459;0;0;0;0;0;0;0;0
30156112;0;0;0;0;0;0;0;0;0;0;0;0;0;0;0;0;0;0;0;0;0;0;0;0;0;0;0;0;0;0;0;0.024752475;0;0;0;0;0;0;0;0;0;0;0;0.008583691;0;0;0;0;0;0;0;0
30156173;0;0;0;0;0;0;0;0;0;0;0;0;0;0;0;0;0;0;0;0;0;0;0;0;0;0;0;0;0;0;0;0.024752475;0;0;0;0;0;0;0;0;0;0;0;0.008583691;0;0;0;0;0;0;0;0
30162531;0;0;0;0;0;0;0;0;0;0;0;0;0;0;0;0;0;0;0;0;0;0;0;0;0;0;0;0;0;0;0;0.02970297;0;0;0;0;0;0;0;0;0;0;0;0.008583691;0;0;0;0;0;0;0;0
30162590;0;0;0;0;0;0;0;0;0;0;0;0;0;0;0;0;0;0;0;0;0;0;0;0;0;0;0;0;0;0;0;0.034653465;0;0;0;0;0;0;0;0;0;0;0;0.008583691;0;0;0;0;0;0;0;0
30194358;0;0;0;0;0;0;0;0;0;0;0;0;0;0;0;0;0;0;0;0;0;0;0;0;0;0;0;0;0;0;0.014925373;0.024752475;0;0;0;0;0;0;0;0;0;0;0;0.015021459;0;0;0;0;0;0;0;0
30205507;0;0;0;0;0;0;0;0;0;0;0;0;0;0;0;0;0;0;0;0;0;0;0;0;0;0;0;0;0;0;0.014925373;0.034653465;0.166666667;0;0;0;0;0;0;0;0;0;0;0.021459227;0;0;0;0;0;0;0;0
30205636;0;0;0;0;0;0;0;0;0;0;0;0;0;0;0;0;0;0;0;0;0;0;0;0;0;0;0;0;0;0;0;0.014851485;0;0;0;0;0;0;0;0;0;0;0;0.010729614;0;0;0;0;0;0;0;0
30355278;0;0;0;0;0;0;0;0;0;0;0;0;0;0;0;0;0;0;0;0;0;0;0;0;0;0;0;0;0;0;0.014925373;0.01980198;0;0;0;0;0;0;0;0;0;0;0;0.012875536;0;0;0;0;0;0;0;0
30363108;0;0;0;0;0;0;0;0;0;0;0;0;0;0;0;0;0;0;0;0;0;0;0;0;0;0;0;0;0;0;0.014925373;0.00990099;0.166666667;0;0;0;0;0;0;0;0;0;0;0.021459227;0;0;0;0;0;0;0;0
30426641;0;0;0;0;0;0;0;0;0;0;0;0;0;0;0;0;0;0;0;0;0;0;0;0;0;0;0;0;0;0;0;0.034653465;0;0;0;0;0;0;0;0;0;0;0;0.015021459;0;0;0;0;0;0;0;0
30431820;0;0;0;0;0;0;0;0;0;0;0;0;0;0;0;0;0;0;0;0;0;0;0;0;0;0;0;0;0;0;0;0.024752475;0;0;0;0;0;0;0;0;0;0;0;0.008583691;0;0;0;0;0;0;0;0
30512326;0;0;0;0;0;0;0;0;0;0;0;0;0;0;0;0;0;0;0;0;0;0;0;0;0;0;0;0;0;0;0.014925373;0.034653465;0;0;0;0;0;0;0;0;0;0;0;0.019313305;0;0;0;0;0;0;0;0
56599946;0;0.01980198;0;0;0.049079755;0;0;0;0;0;0;0;0;0;0;0;0;0;0;0;0;0;0;0.031007752;0;0;0;0;0;0;0;0;0;0;0;0;0;0;0;0;0;0;0;0;0;0;0;0;0;0;0;0
56650721;0;0.01980198;0;0;0;0;0;0;0;0;0;0;0;0;0;0;0;0;0;0;0;0;0;0.019379845;0;0;0;0;0;0;0;0;0;0;0;0;0;0;0;0;0;0;0;0;0;0;0;0;0;0;0;0
56751211;0;0.044554455;0;0;0.036809816;0;0;0;0;0;0;0;0;0;0;0;0;0;0;0;0;0;0;0.023255814;0;0;0;0;0;0;0;0;0;0;0;0;0;0;0;0;0;0;0;0;0;0;0;0;0;0;0;0
56799742;0;0.044554455;0;0;0;0;0;0;0;0;0;0;0;0;0;0;0;0;0;0;0;0;0;0.027131783;0;0;0;0;0;0;0;0;0;0;0;0;0;0;0;0;0;0;0;0;0;0;0;0;0;0;0;0
56836152;0;0.014851485;0;0;0.036809816;0;0;0;0;0;0;0;0;0;0;0;0;0;0;0;0;0;0;0.023255814;0;0;0;0;0;0;0;0;0;0;0;0;0;0;0;0;0;0;0;0;0;0;0;0;0;0;0;0
56869070;0;0.01980198;0;0;0.003067485;0;0;0;0;0;0;0;0;0;0;0;0;0;0;0;0;0;0;0.019379845;0;0;0;0;0;0;0;0;0;0;0;0;0;0;0;0;0;0;0;0;0;0;0;0;0;0;0;0
56901127;0;0.01980198;0;0;0.052147239;0;0;0;0;0;0;0;0;0;0;0;0;0;0;0;0;0;0;0;0;0;0;0;0;0;0;0;0;0;0;0;0;0;0;0;0;0;0;0;0;0;0;0;0;0;0;0
63359021;0;0;0;0;0;0;0;0;0;0;0;0;0;0;0;0;0;0;0;0;0;0;0;0;0;0;0;0;0;0;0;0;0;0;0;0;0;0;0;0;0;0;0.057142857;0;0;0;0;0;0;0;0;0
66894861;0;0;0;0;0;0;0;0.5;0;0;0;0;0;0;0;0;0;0.012987013;0;0;0;0;0;0;0;0.022222222;0;0;0;0;0;0;0;0;0;0;0;0;0;0;0;0;0;0;0;0;0;0.023809524;0;0;0;0
66894997;0;0;0;0;0;0;0.051282051;0;0;0;0;0;0;0;0;0;0;0.012987013;0;0;0;0;0;0;0;0;0;0;0;0;0;0;0;0;0;0;0;0;0;0;0;0;0;0.002145923;0;0;0;0.023809524;0;0;0;0
66895177;0;0;0;0;0.003067485;0;0;0;0;0;0;0;0;0;0;0;0;0;0;0;0;0;0;0;0;0.022222222;0;0;0;0;0;0;0;0.05;0;0;0;0;0;0;0;0;0;0;0;0;0;0.047619048;0;0;0;0
66909260;0;0;0;0;0;0;0.025641026;0;0;0;0;0;0;0;0;0;0;0;0;0;0;0;0;0;0;0;0;0;0;0;0;0;0;0.1;0;0;0;0;0;0;0;0;0;0;0;0;0;0.047619048;0;0;0;0
66909429;0;0;0;0;0;0;0.025641026;0;0;0;0;0;0;0;0;0;0;0;0;0;0;0;0;0;0;0.044444444;0;0;0;0;0;0;0;0;0;0;0;0;0;0;0;0;0;0;0;0;0;0.023809524;0;0;0;0
66909562;0;0;0;0;0;0;0;0;0;0;0;0;0;0;0;0;0;0.012987013;0;0;0;0;0;0;0;0;0;0;0;0;0;0;0;0.025;0;0;0;0;0;0;0;0;0;0;0;0;0;0;0;0;0;0
66909723;0;0;0;0;0;0;0.025641026;0;0;0;0;0;0;0;0;0;0;0;0;0;0;0;0;0;0;0;0;0;0;0;0;0;0;0.075;0;0;0;0;0;0;0;0;0;0;0;0;0;0;0;0;0;0
66909921;0;0;0;0;0;0;0.025641026;0;0;0;0;0;0;0;0;0;0;0.006493506;0;0;0;0;0;0;0;0;0;0;0;0;0;0;0;0.05;0;0;0;0;0;0;0;0;0;0;0;0;0;0.023809524;0;0;0;0
66910079;0;0;0;0;0;0;0.025641026;0;0;0;0;0;0;0;0;0;0;0;0;0;0;0;0;0;0;0;0;0;0;0;0;0;0;0;0;0;0;0;0;0;0;0;0;0;0;0;0;0.023809524;0;0;0;0
67448650;0;0;0;0;0;0;0.025641026;0;0;0;0;0;0;0;0;0;0;0;0;0;0;0;0;0;0;0;0;0;0;0;0;0;0;0.025;0;0;0;0;0;0;0;0;0;0;0;0;0;0.023809524;0;0;0;0
67448898;0;0;0;0;0.003067485;0;0;0;0;0;0;0;0;0;0;0;0;0;0;0;0;0;0;0;0;0;0;0;0;0;0;0;0;0.05;0;0;0;0;0;0;0;0;0;0;0;0;0;0.023809524;0;0;0;0
67449036;0;0;0;0;0;0;0;0;0;0;0;0;0;0;0;0;0;0;0;0;0;0;0;0;0;0.022222222;0;0;0;0;0;0;0;0.025;0;0;0;0;0;0;0;0;0;0;0;0;0;0.071428571;0;0;0;0
67449187;0;0;0;0;0;0;0;0;0;0;0;0;0;0;0;0;0;0;0;0;0;0;0;0;0;0;0;0;0;0;0;0;0;0.025;0;0;0;0;0;0;0;0;0;0;0;0;0;0.023809524;0;0;0;0
67449339;0;0;0;0;0;0;0.025641026;0;0;0;0;0;0;0;0;0;0;0.006493506;0;0;0;0;0;0;0;0.022222222;0;0;0;0;0;0;0;0.025;0;0;0;0;0;0;0;0;0;0;0;0;0;0.023809524;0;0;0;0
67449487;0;0;0;0;0;0;0.025641026;0;0;0;0;0;0;0;0;0;0;0;0;0;0;0;0;0;0;0;0;0;0;0;0;0;0;0;0;0;0;0;0;0;0;0;0;0.002145923;0;0;0;0.047619048;0;0;0;0
67817103;0;0;0;0;0;0;0.025641026;0;0;0;0;0;0;0;0;0;0;0;0;0;0;0;0;0;0;0;0;0;0;0;0;0;0;0.05;0;0;0;0;0;0;0;0;0;0;0;0;0;0.047619048;0;0;0;0
67817262;0;0;0;0;0;0;0.025641026;0;0;0;0;0;0;0;0;0;0;0.006493506;0;0;0;0;0;0;0;0;0;0;0;0;0;0;0;0.025;0;0;0;0;0;0;0;0;0;0;0;0;0;0;0;0;0;0
67817554;0;0;0;0;0.003067485;0;0.025641026;0;0;0;0;0;0;0;0;0;0;0;0;0;0;0;0;0;0;0;0;0;0;0;0;0;0;0.025;0;0;0;0;0;0;0;0;0;0;0;0;0;0.047619048;0;0;0;0
67817698;0;0;0;0;0;0;0;0.5;0;0;0;0;0;0;0;0;0;0;0;0;0;0;0;0;0;0;0;0;0;0;0;0;0;0;0;0;0;0;0;0;0;0;0;0;0;0;0;0;0;0;0;0
67817857;0;0;0;0;0;0;0.025641026;0;0;0;0;0;0;0;0;0;0;0;0;0;0;0;0;0;0;0;0;0;0;0;0;0;0;0.025;0;0;0;0;0;0;0;0;0;0.002145923;0;0;0;0;0;0;0;0
67818067;0;0;0;0;0.003067485;0;0;0;0;0;0;0;0;0;0;0;0;0;0;0;0;0;0;0;0;0.022222222;0;0;0;0;0;0;0;0.025;0;0;0;0;0;0;0;0;0;0.002145923;0;0;0;0;0;0;0;0
67843209;0;0;0;0;0;0;0.051282051;0;0;0;0;0;0;0;0;0;0;0.006493506;0;0;0;0;0;0;0;0;0;0;0;0;0;0;0;0.05;0;0;0;0;0;0;0;0;0;0;0;0;0;0;0;0;0;0
67843359;0;0;0;0;0;0;0.025641026;0;0;0;0;0;0;0;0;0;0;0.006493506;0;0;0;0;0;0;0;0.022222222;0;0;0;0;0;0;0;0;0;0;0;0;0;0;0;0;0;0;0;0;0;0;0;0;0;0
67843508;0;0;0;0;0;0;0.025641026;0;0;0;0;0;0;0;0;0;0;0;0;0;0;0;0;0;0;0;0;0;0;0;0;0;0;0;0;0;0;0;0;0;0;0;0;0;0;0;0;0;0;0;0;0
67843549;0;0;0;0;0;0;0.025641026;0;0;0;0;0;0;0;0;0;0;0;0;0;0;0;0;0;0;0;0;0;0;0;0;0;0;0.05;0;0;0;0;0;0;0;0;0;0;0;0;0;0;0;0;0;0
67843658;0;0;0;0;0.003067485;0;0;0;0;0;0;0;0;0;0;0;0;0;0;0;0;0;0;0;0;0.022222222;0;0;0;0;0;0;0;0.025;0;0;0;0;0;0;0;0;0;0;0;0;0;0.047619048;0;0;0;0
87311231;0;0;0;0;0.006134969;0;0;0;0;0;0;0;0;0;0;0;0;0;0;0;0;0;0;0;0;0;0;0;0;0;0;0;0;0;0;0;0;0;0;0;0;0;0.00952381;0;0;0;0;0;0;0;0;0
87311232;0;0;0;0;0.018404908;0;0;0;0;0;0;0;0;0;0;0;0;0;0;0;0;0;0;0.015503876;0;0;0;0;0;0;0;0;0;0;0;0;0;0;0;0;0;0;0.00952381;0;0;0.125;0;0;0;0;0;0
87311233;0;0;0;0;0;0;0;0;0;0;0;0;0;0;0;0;0;0;0;0;0;0;0;0;0;0;0;0;0;0.088235294;0;0;0;0;0;0;0;0;0;0;0;0;0.00952381;0;0;0;0;0;0;0;0;0
87311234;0;0;0;0;0;0;0;0;0;0;0;0;0;0;0;0;0;0;0;0;0;0;0;0;0;0;0;0;0;0;0;0;0;0;0.035714286;0;0;0;0;0;0;0;0;0.002145923;0;0;0;0;0;0;0;0
87441292;0;0;0;0;0;0;0;0;0;0;0;0;0;0;0;0;0;0;0;0;0;0;0;0.011627907;0;0;0;0;0;0;0;0;0;0;0;0;0;0;0;0;0;0;0.00952381;0;0;0;0;0;0;0;0;0
87441293;0;0;0;0;0.006134969;0;0;0;0;0;0;0;0;0;0;0;0;0;0;0;0;0;0;0.003875969;0;0;0;0;0;0;0;0;0;0;0;0;0;0;0;0;0;0;0.00952381;0;0;0.25;0;0;0;0;0;0
87645741;0;0;0;0;0;0;0;0;0;0;0;0;0;0;0;0;0;0;0;0;0;0;0;0;0;0;0;0;0;0.088235294;0;0;0;0;0;0;0;0;0;0;0;0;0.00952381;0;0;0;0;0;0;0;0;0
87645742;0;0;0;0;0;0;0;0;0;0;0;0;0;0;0;0;0;0;0;0;0;0;0;0.007751938;0;0;0;0;0;0;0;0;0;0;0;0;0;0;0;0;0;0;0.00952381;0;0;0;0;0;0;0;0;0
87645743;0;0;0;0;0;0;0;0;0;0;0;0;0;0;0;0;0;0;0;0;0;0;0;0;0;0;0;0;0;0;0;0;0;0;0;0;0;0;0;0;0;0;0;0.002145923;0;0;0;0;0;0;0;0
87748805;0;0;0;0;0;0;0;0;0;0;0;0;0;0;0;0;0;0;0;0;0;0;0;0.011627907;0;0;0;0;0;0;0;0;0;0;0;0;0;0;0;0;0;0;0.00952381;0;0;0;0;0;0;0;0;0
87748806;0;0.014851485;0;0;0;0;0;0;0;0;0;0;0;0;0;0;0;0;0;0;0;0;0;0;0;0;0;0;0;0;0;0;0;0;0;0;0;0;0;0;0;0;0.00952381;0;0;0;0;0;0;0;0;0
87748807;0;0;0;0;0.018404908;0;0;0;0;0;0;0;0;0;0;0;0;0;0;0;0;0;0;0.003875969;0;0;0;0;0;0;0;0;0;0;0;0;0;0;0;0;0;0;0.00952381;0;0;0;0;0;0;0;0;0
87875350;0;0;0;0;0;0;0;0;0;0;0;0;0;0;0;0;0;0;0;0;0;0;0;0.011627907;0;0;0;0;0;0;0;0;0;0;0;0;0;0;0;0;0;0;0.00952381;0;0;0;0;0;0;0;0;0
87875351;0;0;0;0;0.018404908;0;0;0;0;0;0;0;0;0;0;0;0;0;0;0;0;0;0;0.003875969;0;0;0;0;0;0;0;0;0;0;0;0;0;0;0;0;0;0;0.00952381;0;0;0;0;0;0;0;0;0
87875352;0;0.014851485;0;0;0;0;0;0;0;0;0;0;0;0;0;0;0;0;0;0;0;0;0;0;0;0;0;0;0;0;0;0;0;0;0;0;0;0;0;0;0;0;0.00952381;0;0;0;0;0;0;0;0;0
87875353;0;0;0;0;0;0;0;0;0;0;0;0;0;0;0;0;0;0;0;0;0;0;0;0;0;0;0;0;0;0;0;0;0;0;0.035714286;0;0;0;0;0;0;0;0;0.002145923;0;0;0;0;0;0;0;0
88141620;0;0;0;0;0;0;0;0;0;0;0;0;0;0;0;0;0;0;0;0;0;0;0;0.011627907;0;0;0;0;0;0;0;0;0;0;0;0;0;0;0;0;0;0;0.00952381;0;0;0;0;0;0;0;0;0
88141621;0;0;0;0;0.024539877;0;0;0;0;0;0;0;0;0;0;0;0;0;0;0;0;0;0;0.011627907;0;0;0;0;0;0;0;0;0;0;0;0;0;0;0;0;0;0;0.00952381;0;0;0;0;0;0;0;0;0
88141622;0;0;0;0;0.018404908;0;0;0;0;0;0;0;0;0;0;0;0;0;0;0;0;0;0;0.003875969;0;0;0;0;0;0;0;0;0;0;0;0;0;0;0;0;0;0;0.00952381;0;0;0;0;0;0;0;0;0
88141623;0;0.024752475;0;0;0;0;0;0;0;0;0;0;0;0;0;0;0;0;0;0;0;0;0;0;0;0;0;0;0;0.088235294;0;0;0;0;0;0;0;0;0;0;0;0;0.00952381;0;0;0;0;0;0;0;0;0
88141624;0;0;0;0;0;0;0;0;0;0;0;0;0;0;0;0;0;0;0;0;0;0;0;0;0;0;0;0;0;0;0;0;0;0;0;0;0;0;0;0;0;0;0;0.002145923;0;0;0;0;0;0;0;0
88255149;0;0;0;0;0.003067485;0;0;0;0;0;0;0;0;0;0;0;0;0;0;0;0;0;0;0.011627907;0;0;0;0;0;0;0;0;0;0;0;0;0;0;0;0;0;0;0.00952381;0;0;0;0;0;0;0;0;0
88255150;0;0;0;0;0;0;0;0;0;0;0;0;0;0;0;0;0;0;0;0;0;0;0;0;0;0;0;0;0;0;0;0;0;0;0;0;0;0;0;0;0;0;0;0.002145923;0;0;0;0;0;0;0;0
88378484;0;0;0;0;0.015337423;0;0;0;0;0;0;0;0;0;0;0;0;0;0;0;0;0;0;0.003875969;0;0;0;0;0;0;0;0;0;0;0;0;0;0;0;0;0;0;0.00952381;0;0;0;0;0;0;0;0;0
88378485;0;0.014851485;0;0;0;0;0;0;0;0;0;0;0;0;0;0;0;0;0;0;0;0;0;0;0;0;0;0;0;0;0;0;0;0;0;0;0;0;0;0;0;0;0.00952381;0;0;0;0;0;0;0;0;0
88494055;0;0;0;0;0;0;0;0;0;0;0;0;0;0;0;0;0;0;0;0;0;0;0;0.011627907;0;0;0;0;0;0;0;0;0;0;0;0;0;0;0;0;0;0;0.00952381;0;0;0;0;0;0;0;0;0
88494056;0;0;0;0;0.009202454;0;0;0;0;0;0;0;0;0;0;0;0;0;0;0;0;0;0;0;0;0;0;0;0;0;0;0;0;0;0;0;0;0;0;0;0;0;0.00952381;0;0;0;0;0;0;0;0;0
88494057;0;0;0;0;0.006134969;0;0;0;0;0;0;0;0;0;0;0;0;0;0;0;0;0;0;0.011627907;0;0;0;0;0;0;0;0;0;0;0;0;0;0;0;0;0;0;0.00952381;0;0;0;0;0;0;0;0;0
88494058;0;0;0;0;0;0;0;0;0;0;0;0;0;0;0;0;0;0;0;0;0;0;0;0;0;0;0;0;0;0;0;0;0;0;0.035714286;0;0;0;0;0;0;0;0;0.004291845;0;0;0;0;0;0;0;0
88589016;0;0;0;0;0;0;0;0;0;0;0;0;0;0;0;0;0;0;0;0;0;0;0;0;0;0;0;0;0;0;0;0;0;0;0;0;0;0;0;0;0;0;0.00952381;0;0;0.25;0;0;0;0;0;0
88699488;0;0;0;0;0.003067485;0;0;0;0;0;0;0;0;0;0;0;0;0;0;0;0;0;0;0.011627907;0;0;0;0;0;0;0;0;0;0;0;0;0;0;0;0;0;0;0.00952381;0;0;0;0;0;0;0;0;0
88808571;0;0;0;0;0;0;0;0;0;0;0;0;0;0;0;0;0;0;0;0;0;0;0;0.011627907;0;0;0;0;0;0;0;0;0;0;0;0;0;0;0;0;0;0;0.00952381;0;0;0;0;0;0;0;0;0
88808572;0;0;0;0;0.021472393;0;0;0;0;0;0;0;0;0;0;0;0;0;0;0;0;0;0;0.011627907;0;0;0;0;0;0;0;0;0;0;0;0;0;0;0;0;0;0;0.00952381;0;0;0;0;0;0;0;0;0
88808573;0;0;0;0;0;0;0;0;0;0;0;0;0;0;0;0;0;0;0;0;0;0;0;0;0;0;0;0;0;0.058823529;0;0;0;0;0;0;0;0;0;0;0;0;0.00952381;0;0;0;0;0;0;0;0;0
89027666;0;0;0;0;0.027607362;0;0;0;0;0;0;0;0;0;0;0;0;0;0;0;0;0;0;0.007751938;0;0;0;0;0;0;0;0;0;0;0;0;0;0;0;0;0;0;0.00952381;0;0;0;0;0;0;0;0;0
89027667;0;0;0;0;0.003067485;0;0;0;0;0;0;0;0;0;0;0;0;0;0;0;0;0;0;0.003875969;0;0;0;0;0;0;0;0;0;0;0;0;0;0;0;0;0;0;0.00952381;0;0;0;0;0;0;0;0;0
89027668;0;0.024752475;0;0;0;0;0;0;0;0;0;0;0;0;0;0;0;0;0;0;0;0;0;0;0;0;0;0;0;0;0;0;0;0;0;0;0;0;0;0;0;0;0.00952381;0;0;0;0;0;0;0;0;0
89027669;0;0;0;0;0;0;0;0;0;0;0;0;0;0;0;0;0;0;0;0;0;0;0;0;0;0;0;0;0;0;0;0;0;0;0;0;0;0;0;0;0;0;0;0.002145923;0;0;0;0;0;0;0;0
89108792;0;0;0;0;0;0;0;0;0;0;0;0;0;0;0;0;0;0;0;0;0;0;0;0.011627907;0;0;0;0;0;0;0;0;0;0;0;0;0;0;0;0;0;0;0.00952381;0;0;0;0;0;0;0;0;0
89108793;0;0;0;0;0;0;0;0;0;0;0;0;0;0;0;0;0;0;0;0;0;0;0;0.011627907;0;0;0;0;0;0;0;0;0;0;0;0;0;0;0;0;0;0;0.00952381;0;0;0;0;0;0;0;0;0
89220570;0;0;0;0;0;0;0;0;0;0;0;0;0;0;0;0;0;0;0;0;0;0;0;0.011627907;0;0;0;0;0;0;0;0;0;0;0;0;0;0;0;0;0;0;0.00952381;0;0;0;0;0;0;0;0;0
89220571;0;0;0;0;0.021472393;0;0;0;0;0;0;0;0;0;0;0;0;0;0;0;0;0;0;0.011627907;0;0;0;0;0;0;0;0;0;0;0;0;0;0;0;0;0;0;0.00952381;0;0;0;0;0;0;0;0;0
89220572;0;0.024752475;0;0;0;0;0;0;0;0;0;0;0;0;0;0;0;0;0;0;0;0;0;0;0;0;0;0;0;0;0;0;0;0;0;0;0;0;0;0;0;0;0.00952381;0;0;0;0;0;0;0;0;0
89220573;0;0;0;0;0;0;0;0;0;0;0;0;0;0;0;0;0;0;0;0;0;0;0;0;0;0;0;0;0;0;0;0;0;0;0.035714286;0;0;0;0;0;0;0;0;0;0;0;0;0;0;0;0;0
89338087;0;0;0;0;0;0;0;0;0;0;0;0;0;0;0;0;0;0;0;0;0;0;0;0.011627907;0;0;0;0;0;0;0;0;0;0;0;0;0;0;0;0;0;0;0.00952381;0;0;0;0;0;0;0;0;0
89338088;0;0;0;0;0.006134969;0;0;0;0;0;0;0;0;0;0;0;0;0;0;0;0;0;0;0;0;0;0;0;0;0;0;0;0;0;0;0;0;0;0;0;0;0;0.00952381;0;0;0;0;0;0;0;0;0
89338089;0;0;0;0;0.003067485;0;0;0;0;0;0;0;0;0;0;0;0;0;0;0;0;0;0;0.019379845;0;0;0;0;0;0;0;0;0;0;0;0;0;0;0;0;0;0;0.00952381;0;0;0;0;0;0;0;0;0
89338090;0;0.014851485;0;0;0;0;0;0;0;0;0;0;0;0;0;0;0;0;0;0;0;0;0;0;0;0;0;0;0;0.088235294;0;0;0;0;0;0;0;0;0;0;0;0;0.00952381;0;0;0;0;0;0;0;0;0
89445659;0;0;0;0;0;0;0;0;0;0;0;0;0;0;0;0;0;0;0;0;0;0;0;0.011627907;0;0;0;0;0;0;0;0;0;0;0;0;0;0;0;0;0;0;0.00952381;0;0;0;0;0;0;0;0;0
89445660;0;0;0;0;0.024539877;0;0;0;0;0;0;0;0;0;0;0;0;0;0;0;0;0;0;0.011627907;0;0;0;0;0;0;0;0;0;0;0;0;0;0;0;0;0;0;0.00952381;0;0;0;0;0;0;0;0;0
89575802;0;0;0;0;0.015337423;0;0;0;0;0;0;0;0;0;0;0;0;0;0;0;0;0;0;0.015503876;0;0;0;0;0;0;0;0;0;0;0;0;0;0;0;0;0;0;0.00952381;0;0;0;0;0;0;0;0;0
